Date,Car_ID,Duration_min,Distance_km,Revenue,Fuel_cost
2025-01-01,5,71.93675592440269,42.02271498919486,2301.135749459743,211.41353012401987
2025-01-01,6,54.93911979939757,33.8263993685633,1891.319968428165,160.2572196265863
2025-01-01,6,75.68421689867678,43.37942713981376,2368.971356990688,218.44902100033963
2025-01-01,16,146.72694562245093,56.46499575093203,3023.2497875466015,293.3815480580854
2025-01-01,3,112.4973356260599,50.74313632041782,2737.156816020891,254.3293213079003
2025-01-01,19,72.52988790313535,31.17172744176961,1758.5863720884806,152.66578016777697
2025-01-01,7,169.5604481415612,60.20553455148074,3210.276727574037,277.7566394853918
2025-01-01,10,57.56036857300067,35.8911454538773,1994.557272693865,181.4369476276749
2025-01-01,17,54.90562799857453,23.184483890214285,1359.2241945107141,125.20590544672557
2025-01-01,9,61.01377317771001,39.377008427976364,2168.850421398818,210.91602678425818
2025-01-01,1,120.93522161545748,37.788355843019595,2089.41779215098,204.00248671388516
2025-01-02,20,110.81329253701502,59.613036917519274,3180.6518458759638,326.301724374585
2025-01-02,18,41.53332848388728,23.087153732891355,1354.3576866445678,118.94412162403712
2025-01-02,9,44.027666691761986,14.904666931812464,945.2333465906232,69.73629411394435
2025-01-02,8,155.12186273153935,88.05257688201903,4602.628844100951,404.484900665174
2025-01-02,19,119.99488200067273,51.81434378417892,2790.717189208946,283.885238115344
2025-01-02,19,162.18768160422368,98.58253136416654,5129.126568208327,493.1726281345855
2025-01-02,15,96.26541948011254,41.76625141981942,2288.312570990971,199.67494047062883
2025-01-02,3,141.81141236054097,59.09043702760154,3154.521851380077,293.6761933346555
2025-01-03,14,165.952624386374,61.103654915826155,3255.1827457913078,331.6901042215339
2025-01-03,17,106.20621952785584,66.3569790526253,3517.848952631265,303.60615566830626
2025-01-03,1,67.29213085078581,26.82856983038241,1541.4284915191206,145.84425796733927
2025-01-03,3,109.06009306474522,41.72093075213656,2286.046537606828,229.0501565057007
2025-01-03,2,56.937002096506895,22.838404374448366,1341.9202187224182,122.15508364188756
2025-01-03,9,130.90987385787304,54.4256546759496,2921.28273379748,288.96545679797435
2025-01-03,3,57.27414569308558,25.616950344789583,1480.8475172394792,115.40909692377889
2025-01-03,4,146.7187045295179,87.21249106236394,4560.624553118197,461.85927085132846
2025-01-03,12,161.29182957685887,56.991603865810404,3049.58019329052,281.4515609206023
2025-01-03,19,91.82367299185593,43.18553770920555,2359.2768854602773,219.85037174558087
2025-01-03,17,21.16245114362038,12.137892550043409,806.8946275021705,56.16276332511735
2025-01-03,1,151.59838562495213,76.21244917395511,4010.6224586977555,377.8053191713047
2025-01-04,6,23.52748399282027,12.204845808509901,810.2422904254951,62.70153979981383
2025-01-04,20,36.90299467009002,26.306890872435567,1515.3445436217783,119.46136760797448
2025-01-04,19,87.43028441642996,25.462641535337642,1473.1320767668822,139.09345841652447
2025-01-04,9,128.60248362628545,52.896096192093374,2844.8048096046687,261.4311389590637
2025-01-04,16,45.17288952270571,30.74186921278031,1737.0934606390153,154.222620226052
2025-01-04,5,115.93392312866813,49.32415024604238,2666.207512302119,239.51672599247172
2025-01-04,5,34.82716688793096,13.03438127117229,851.7190635586145,59.88199380471302
2025-01-04,14,176.61923722254892,55.831236651618894,2991.5618325809446,293.8601446844429
2025-01-04,7,72.14021297975113,37.33067613765235,2066.5338068826172,169.782114754159
2025-01-05,5,161.30226390417783,54.651027445369145,2932.5513722684573,296.942876795517
2025-01-05,1,103.99727898601031,61.08104893095441,3254.0524465477206,332.5186094729876
2025-01-05,2,19.3743662393676,12.044514752092056,802.2257376046027,61.131623609288326
2025-01-05,18,109.605561875869,46.36234753236024,2518.117376618012,246.67733646883627
2025-01-05,12,78.70693523712775,59.795718340548376,3189.7859170274187,280.78820408190484
2025-01-05,13,50.40720475188173,18.873670554466543,1143.6835277233272,96.60023762711211
2025-01-05,17,123.19423483782245,61.02382919899788,3251.191459949894,295.39344694345846
2025-01-05,19,61.50603783761099,24.728680040771454,1436.4340020385728,126.83198660542325
2025-01-05,4,83.9610952330705,56.123401431452194,3006.1700715726097,276.3219361312487
2025-01-05,3,178.4333484301111,79.7181835937992,4185.909179689959,420.62605712113213
2025-01-05,5,54.36848186540613,33.36500529018258,1868.250264509129,158.09127429109313
2025-01-06,17,103.16403313254297,49.19149530426534,2659.574765213267,236.002848158453
2025-01-06,19,79.21827699113692,31.020498805132803,1751.02494025664,142.42400287126642
2025-01-06,7,172.8721460458653,95.94672438759254,4997.3362193796265,479.0644566464093
2025-01-06,16,88.99351112642276,35.7333162157901,1986.6658107895048,184.83123762301122
2025-01-06,4,171.1220995754789,85.89658938616641,4494.829469308321,466.49828737660135
2025-01-06,7,179.3286549350043,69.10027767665007,3655.0138838325033,348.67418085138837
2025-01-06,11,34.316057710554965,14.441952611542899,922.097630577145,73.91706272595631
2025-01-06,6,28.877623008974577,13.575200740117591,878.7600370058796,72.2453186156807
2025-01-06,2,28.42254880591346,12.278614047253605,813.9307023626802,59.84928986288911
2025-01-06,1,160.25939482533877,76.83693853495055,4041.8469267475275,391.24514205161785
2025-01-06,4,77.0828316126011,30.92605007637697,1746.3025038188484,156.43646313388757
2025-01-06,10,164.54847354063145,60.76882062908638,3238.441031454319,274.1496404332463
2025-01-06,20,34.60495618423187,13.660015983631393,883.0007991815696,71.6610569016133
2025-01-06,13,54.18856776325754,25.06657016216318,1453.328508108159,114.8773668607952
2025-01-07,1,51.89331335570969,27.332602655045683,1566.6301327522842,149.5060245416474
2025-01-07,15,162.03861376018173,98.78642257054648,5139.321128527324,451.829000195665
2025-01-07,3,129.74283531259684,40.30025090679145,2215.012545339572,190.08859047487442
2025-01-07,15,89.99927568668258,50.47305347151216,2723.652673575608,272.61293707159797
2025-01-07,11,61.358926282718,46.119035307091615,2505.951765354581,228.5501087515513
2025-01-07,8,42.99718414276831,22.548387673249767,1327.4193836624884,106.64022618598571
2025-01-07,5,175.77514326491746,125.59995956479312,6479.997978239656,632.5334999772232
2025-01-08,1,82.84910894391074,40.20777462121439,2210.3887310607197,186.2900632933595
2025-01-08,3,150.7186450823229,106.80139544362594,5540.069772181297,546.1198784085843
2025-01-08,2,28.653489305825513,18.29417053949203,1114.7085269746015,85.33927351170558
2025-01-08,1,143.3043768163122,84.44120896404318,4422.060448202159,411.7977344236224
2025-01-08,17,153.32423627733775,72.50455535812469,3825.2277679062345,346.09375729366377
2025-01-08,16,27.43424495815628,15.682841294666268,984.1420647333134,82.33351709510004
2025-01-08,3,106.64623142443352,74.07296748039944,3903.648374019972,396.26425720125167
2025-01-08,17,54.77899733438925,19.8160480683307,1190.802403416535,94.61631480325244
2025-01-08,4,52.72606290807135,30.769009477621626,1738.4504738810813,149.48085471498052
2025-01-08,8,18.660482434999768,9.230153009784617,661.5076504892309,49.2093746052803
2025-01-08,18,155.6099475525591,82.459519431026,4322.9759715513,443.3562722223018
2025-01-09,17,37.11251269435572,14.025746258585857,901.2873129292929,71.81616253269729
2025-01-09,2,147.8323701406947,98.18135491444512,5109.067745722256,538.079255907682
2025-01-09,18,112.33641833101446,50.829382619058826,2741.469130952941,274.69005001653625
2025-01-09,20,105.3286406383534,59.30470386548977,3165.2351932744887,284.5415644323231
2025-01-09,10,157.29001194321296,87.7838499358161,4589.192496790804,476.3667537507333
2025-01-09,10,141.87142731704057,41.26322685054202,2263.1613425271007,211.30096661385386
2025-01-09,2,69.24401569743885,33.7823620004002,1889.11810002001,154.58347141452293
2025-01-09,16,40.06394442952857,16.065641283259104,1003.2820641629552,75.21740596719152
2025-01-09,3,159.26240480097883,95.6628532790935,4983.142663954675,488.06569718304877
2025-01-09,19,21.74332168396901,7.721848296718747,586.0924148359373,36.11516544174812
2025-01-09,6,34.90491873159913,14.99964628578246,949.982314289123,72.96232735431332
2025-01-09,14,69.46641969617565,25.611205433899638,1480.5602716949818,127.57313798329868
2025-01-10,15,99.4234072352981,36.46143752818064,2023.071876409032,164.17108719626128
2025-01-10,4,148.02321116585512,75.37559094069229,3968.7795470346146,354.96998819265394
2025-01-10,14,117.01203730249884,52.59296919092242,2829.6484595461206,275.98007737952946
2025-01-10,14,39.37695016452741,15.986373535170014,999.3186767585007,85.43822492927647
2025-01-10,11,102.79872506877709,37.140582761293345,2057.029138064667,186.9143380906867
2025-01-10,15,32.30341247785935,16.3305007670054,1016.52503835027,82.69708581930217
2025-01-10,17,49.888921154429866,18.71818098207889,1135.9090491039447,100.90086522972295
2025-01-10,20,93.20504033604176,44.60707767057778,2430.353883528889,222.1246055799708
2025-01-10,4,103.62257940006039,60.1919557101437,3209.597785507185,296.84623298416426
2025-01-11,19,77.49748328196274,40.07264903075736,2203.6324515378683,204.67326782818225
2025-01-11,13,69.5074994113508,35.97664411232941,1998.8322056164704,170.0016163756215
2025-01-11,6,55.583025183443844,18.80861105926595,1140.4305529632975,90.00099390953517
2025-01-11,9,28.238568034170964,13.835683762534837,891.7841881267418,75.8524568100306
2025-01-11,6,80.64617384254737,60.68389697829569,3234.1948489147844,322.66065377965947
2025-01-11,17,95.97354857769943,62.19151492914468,3309.575746457234,324.54376326633513
2025-01-11,11,109.31609376253347,51.668514870222886,2783.4257435111444,242.1725896197296
2025-01-11,4,85.19701237170877,38.403180215843214,2120.1590107921606,177.2244102471693
2025-01-12,14,62.6240412846422,28.444346123194084,1622.217306159704,141.68527314528066
2025-01-12,11,112.9907110970533,50.626746331758625,2731.337316587931,255.59434938158054
2025-01-12,10,178.34343834434097,88.35486526196894,4617.743263098447,420.09563442073215
2025-01-12,5,15.447298403364396,5.688261596200406,484.4130798100203,29.044843236296582
2025-01-12,3,72.56326397959423,52.843109933523884,2842.155496676194,288.789017830017
2025-01-12,14,168.93478107149252,98.88322833060204,5144.161416530102,482.47387424417576
2025-01-12,1,137.28490713285976,81.90203397410224,4295.101698705112,380.0067948225474
2025-01-12,9,138.83281758627672,94.10886482333217,4905.4432411666085,441.0322534090352
2025-01-12,19,124.75754141487302,59.761409940946315,3188.0704970473157,321.3490858542104
2025-01-12,18,149.73890751281021,68.2957900181052,3614.7895009052595,338.93013656918674
2025-01-12,6,104.06387521591445,51.45396196306271,2772.6980981531356,249.8276349127467
2025-01-12,15,78.34205152657988,46.862056561528455,2543.1028280764226,240.13233079925473
2025-01-13,19,86.20214361751303,41.82894647588091,2291.4473237940456,217.24773581091452
2025-01-13,20,146.01415622959883,79.90656420394797,4195.328210197398,431.00742399676005
2025-01-13,4,179.61928162743413,113.60850124916212,5880.4250624581055,599.6906467314394
2025-01-13,1,20.532851731403596,11.872794071171155,793.6397035585577,63.83723117422171
2025-01-13,1,31.981145072783928,15.585541883505954,979.2770941752976,77.2575345341628
2025-01-13,20,80.5524029424606,41.50099140296502,2275.049570148251,196.26862149601018
2025-01-13,12,142.36052679871045,49.92397059925224,2696.198529962612,252.890289802019
2025-01-13,11,113.83984518825888,82.05021058429004,4302.510529214502,397.3301350610322
2025-01-13,6,81.14048376600059,46.617321335612516,2530.8660667806257,216.92677764658572
2025-01-13,13,37.95417203360521,12.567434641405008,828.3717320702503,65.67861470757443
2025-01-13,11,168.79951660979606,94.99176342645929,4949.588171322965,515.0927783969156
2025-01-13,8,122.47558981306061,68.67958709975683,3633.9793549878414,313.791644814926
2025-01-14,19,136.51329887807927,103.00607746612707,5350.303873306353,509.9665438132059
2025-01-14,14,53.924495708188395,18.32139979993975,1116.0699899969877,97.79030267381053
2025-01-14,1,158.53289974025117,83.19231100360209,4359.615550180104,407.55935654785145
2025-01-14,9,137.80119255414266,61.751529199376876,3287.5764599688437,315.16260919212215
2025-01-14,3,80.69783444250565,48.30005532953628,2615.002766476814,234.07877967395245
2025-01-14,18,94.33810138469714,62.428845604618225,3321.4422802309114,282.9803849260354
2025-01-14,19,55.95736305493006,25.489571231223934,1474.4785615611968,115.56663580886733
2025-01-15,1,74.79499335424447,41.49153794540541,2274.576897270271,187.25522989673365
2025-01-15,17,44.37593453350899,24.931457337618575,1446.5728668809288,122.52874167113137
2025-01-15,8,97.86217670465503,43.03042762481151,2351.5213812405755,225.90804405463325
2025-01-15,19,72.64885484313994,37.332534829864805,2066.62674149324,182.09787382334545
2025-01-15,16,108.1987869883317,42.67221318257316,2333.610659128658,211.36779711122725
2025-01-15,2,103.18522205744574,50.881242537483864,2744.0621268741934,267.9078699831955
2025-01-15,4,45.018141531719735,32.92348002398103,1846.1740011990514,160.44630192521709
2025-01-15,10,163.0760176201159,92.9655997015097,4848.2799850754855,509.35214663549135
2025-01-15,18,158.05397040190138,75.71387579875663,3985.6937899378318,359.93532829910424
2025-01-15,8,32.177916027454685,16.82346219389638,1041.173109694819,86.68702934019274
2025-01-16,15,133.9341608912336,96.35396405011022,5017.698202505511,491.7132990299766
2025-01-16,14,151.9862776535536,75.54335283413306,3977.167641706653,355.4302887076523
2025-01-16,16,29.342627466807638,17.481910883275255,1074.0955441637627,93.49549875729268
2025-01-16,16,44.936846789816556,22.967016885134754,1348.3508442567377,123.8535822442934
2025-01-16,15,118.08560972213643,59.42011872160228,3171.0059360801138,288.96355573881397
2025-01-16,12,152.0579935832662,75.65068485281734,3982.534242640867,367.87096500492294
2025-01-16,12,51.21923663835818,37.48404771020307,2074.2023855101534,172.96031456142862
2025-01-16,14,92.72579969447938,36.314813786759444,2015.7406893379723,182.02646638736874
2025-01-16,9,104.36964541904304,51.32496095835687,2766.2480479178435,238.1147693737035
2025-01-17,11,84.5811492012915,37.038074130744526,2051.9037065372263,192.2728599912877
2025-01-17,5,18.03446163033201,9.74824778774238,687.412389387119,49.48714050186957
2025-01-17,6,26.083940986092166,12.205746358192538,810.287317909627,63.71646864978569
2025-01-17,10,38.10305887897408,14.550985666591714,927.5492833295857,76.13344280612003
2025-01-17,2,114.0852819715528,55.09669532328631,2954.8347661643156,298.31620533938934
2025-01-17,14,22.74938451788408,9.6861512543652,684.30756271826,44.38968106582613
2025-01-18,4,142.21267771335394,57.46736176429217,3073.3680882146086,283.7274790087361
2025-01-18,4,133.6425743554005,59.318400429983356,3165.920021499168,295.1713503174259
2025-01-18,15,172.42434452903944,64.81005870788653,3440.5029353943264,309.1382263546449
2025-01-18,15,58.27356730947114,25.424244932624124,1471.2122466312062,127.02883924194025
2025-01-18,13,40.520903245733976,21.70034820676524,1285.0174103382622,105.1248138325488
2025-01-18,8,135.15114477359455,72.44970721091192,3822.4853605455964,357.52679581824515
2025-01-18,7,27.529012710987644,7.921205466974225,596.0602733487112,43.3107702856376
2025-01-18,6,112.38806003339937,42.656342805461264,2332.817140273063,231.08278495959652
2025-01-18,17,171.7891633804324,72.37396895051367,3818.6984475256836,364.9023826171268
2025-01-18,19,135.8171062575776,86.98188775548266,4549.094387774133,451.634017330315
2025-01-18,6,176.79517202969805,118.74898512795863,6137.449256397932,616.6842859521818
2025-01-18,9,170.76979104829118,64.03291953560554,3401.645976780277,347.3944889697567
2025-01-19,7,20.60108646665681,10.711374950662805,735.5687475331403,58.10274152962679
2025-01-19,18,84.59083885553457,55.585533842434494,2979.276692121725,253.18558172474815
2025-01-19,3,67.65157808513717,33.60492724313122,1880.2463621565612,171.2597784777506
2025-01-19,3,107.51173701057981,61.25102919358514,3262.551459679257,308.1089164904937
2025-01-19,12,109.45058030652184,66.82640684991902,3541.320342495951,344.93486874892227
2025-01-19,13,118.2720771121065,77.79873783946712,4089.936891973356,368.21827338118
2025-01-19,3,158.56631419365343,62.07014696559344,3303.507348279672,312.1468669897994
2025-01-19,3,26.55490144833272,7.336780897931721,566.8390448965861,33.66513764432046
2025-01-19,12,118.53840143103106,88.36972872476527,4618.486436238263,465.55589243110046
2025-01-19,7,101.21566661969631,46.83370924140172,2541.685462070086,232.6375881517087
2025-01-20,18,63.89083987523836,21.460012976120172,1273.0006488060087,96.95363326385416
2025-01-20,14,22.441611741353324,7.9396511780393695,596.9825589019684,36.716421099561494
2025-01-20,5,144.74692737856608,50.83008555733133,2741.5042778665666,273.42104379639215
2025-01-20,14,114.13174366296268,86.59682068370142,4529.841034185071,454.0576841854989
2025-01-20,4,53.22583072826816,36.53103607334486,2026.551803667243,186.59091710687048
2025-01-20,13,34.85589573577433,11.600100643529,780.00503217645,52.62654706686103
2025-01-21,3,151.32393980600438,95.54844489983934,4977.422244991967,450.63742604489676
2025-01-21,9,168.07912672721014,97.18829569897163,5059.414784948582,475.85741714684144
2025-01-21,18,96.04574624332338,74.07375069880123,3903.6875349400616,367.6562281665534
2025-01-21,13,51.92990644573281,27.594045348275277,1579.7022674137638,140.18012919222437
2025-01-21,2,90.4762961326617,38.145679386900206,2107.2839693450105,189.83871870570565
2025-01-21,3,172.6824972079093,120.45588410384008,6222.794205192004,620.9792305471049
2025-01-21,5,136.3100879963697,52.46164877941995,2823.082438970998,236.344036941571
2025-01-21,5,23.04929097607356,13.95175303170648,897.587651585324,64.31017114282135
2025-01-21,5,178.59343029893296,72.87217006309703,3843.6085031548514,365.5325634277004
2025-01-22,19,151.0723593776496,72.70518095118946,3835.259047559473,368.30495909253835
2025-01-22,13,136.09513662736077,79.17505509069734,4158.752754534868,375.7082434374052
2025-01-22,16,131.87989115798075,87.13376552325613,4556.688276162807,451.3651713840211
2025-01-22,6,46.221554064525975,34.34027775802234,1917.013887901117,170.51561930029087
2025-01-22,10,36.263528133118456,17.710670042809895,1085.5335021404949,82.54518066767253
2025-01-23,4,106.76998628155991,56.48406731947063,3024.2033659735316,265.08723266256874
2025-01-23,13,116.79294153199747,81.19620613766773,4259.810306883386,386.47799274289457
2025-01-23,13,143.6744901999387,58.550313135503906,3127.515656775195,295.1677367810367
2025-01-23,2,71.4089073963832,45.576909158201545,2478.845457910077,209.7681677723701
2025-01-23,4,43.66932342574852,30.389392355900483,1719.469617795024,141.80837937006496
2025-01-23,12,26.11284924234733,12.922681138139597,846.1340569069798,66.17595837146014
2025-01-23,18,158.8035730151421,124.05836119291628,6402.918059645814,651.2632030794184
2025-01-23,3,113.07531677270998,43.089620898836365,2354.4810449418183,229.301975512036
2025-01-23,15,95.62612641676985,60.56992047244007,3228.4960236220036,299.57293358966575
2025-01-23,14,92.30900376681642,50.30597866340684,2715.298933170342,269.34876267346795
2025-01-23,15,146.14357554373834,73.29154914192384,3864.577457096192,335.8498055917739
2025-01-23,14,52.9588577001866,22.91163014613403,1345.5815073067015,125.17165760442333
2025-01-23,15,84.25500729281018,44.13300461152147,2406.6502305760737,210.70046154164976
2025-01-23,3,66.47207843169653,31.89118912465356,1794.559456232678,167.29598026778706
2025-01-24,3,20.137123675944373,10.5035677075309,725.178385376545,56.34490008464258
2025-01-24,16,104.63341295534309,35.63997197906785,1981.9985989533925,163.62897378936802
2025-01-24,8,142.20210436626857,96.57401378012659,5028.700689006329,495.05967198119737
2025-01-24,12,20.366819616056567,13.648992871218386,882.4496435609193,72.29239972667617
2025-01-24,14,113.72399874520045,54.77683897376872,2938.841948688436,277.08385642896087
2025-01-24,16,96.11310021233709,35.212726381202934,1960.6363190601467,167.92925986413456
2025-01-24,8,66.20972322238967,25.842544320189912,1492.1272160094957,118.16366134954531
2025-01-24,18,94.18990772832538,46.04890857000535,2502.4454285002676,239.22324589707512
2025-01-24,1,172.1870252763883,119.32428444183188,6166.214222091594,626.352456505274
2025-01-24,9,54.937427617317034,31.178204299676214,1758.9102149838106,155.85635611953757
2025-01-25,20,72.09273366139853,50.20599000224242,2710.299500112121,229.56268564546983
2025-01-25,1,29.497972358897503,10.800579829323782,740.0289914661892,49.451302563348115
2025-01-25,7,36.89809941710496,20.740894957505365,1237.0447478752683,109.9389119393716
2025-01-25,2,21.795276721079826,14.327419117906215,916.3709558953108,66.25313755670324
2025-01-25,6,113.13814516719445,63.72087453477754,3386.043726738877,305.786019426288
2025-01-25,12,158.7099054181041,101.62524290985549,5281.262145492774,491.8103013673096
2025-01-25,7,124.03531951937636,66.71254193551404,3535.627096775702,352.49790080019005
2025-01-25,3,21.724427505258006,8.222080384737206,611.1040192368603,42.958943971594465
2025-01-25,12,55.77203361167416,24.76249556434084,1438.124778217042,116.85951542912882
2025-01-25,14,70.58780564223262,31.03748246698296,1751.874123349148,160.1133021343971
2025-01-25,19,41.67596978422244,15.051210409814656,952.5605204907328,72.73218419264443
2025-01-25,9,96.39067971932693,33.405036024691206,1870.2518012345604,157.69051443478708
2025-01-25,15,57.51767660435026,32.17309688482507,1808.6548442412536,168.17421691495238
2025-01-26,20,118.74619500398094,76.04459582872758,4002.229791436379,380.5914062290303
2025-01-26,18,158.060196860204,81.13297751099101,4256.64887554955,423.9407122515948
2025-01-26,4,159.11483428347398,97.65343013253288,5082.671506626643,466.47361955243406
2025-01-26,19,61.83599722042643,26.713219321985022,1535.660966099251,132.652846625854
2025-01-26,15,53.90569550326963,30.7034722374813,1735.173611874065,156.644675131911
2025-01-27,10,54.19464861243981,31.068471613441208,1753.4235806720603,166.35256128078552
2025-01-27,13,87.13228915477637,30.66189825578296,1733.0949127891479,156.15854580064703
2025-01-27,7,74.27350595096134,34.13003464430068,1906.5017322150338,166.93278229402398
2025-01-27,2,156.56773189724646,54.52287652112378,2926.143826056189,277.9965527535257
2025-01-27,4,175.02047243795988,75.85963157267678,3992.9815786338386,346.9437782512904
2025-01-27,14,69.59674489321337,35.88735688451373,1994.3678442256864,166.72392396317318
2025-01-27,5,56.03785497695893,32.705569104987894,1835.2784552493947,152.63826163472908
2025-01-27,20,77.59416733719992,39.147015139012325,2157.3507569506164,197.04696754210627
2025-01-27,17,154.28812407991754,96.0350425692667,5001.752128463335,515.5421609474627
2025-01-27,12,104.08446351786506,42.86616406413596,2343.3082032067978,198.16902514214223
2025-01-27,5,169.53993922866866,49.85833317168341,2692.916658584171,246.90838908464235
2025-01-27,5,32.04597792546259,18.201791761984257,1110.089588099213,89.14107252754613
2025-01-27,18,174.2445849119475,68.91707137952176,3645.853568976088,354.1730955823543
2025-01-27,7,90.03207617958675,45.28116446106138,2464.058223053069,233.96163019392498
2025-01-28,20,35.747349448097054,11.57271271270094,778.6356356350469,62.95347166083395
2025-01-28,8,175.03548760769962,68.23026532995684,3611.513266497842,337.31338918818324
2025-01-28,5,173.95222741536583,77.49373323413498,4074.686661706749,424.5595914740022
2025-01-28,11,127.73592466779156,66.75266230276775,3537.6331151383874,358.38870136455444
2025-01-28,8,141.80569514642556,58.83442745237952,3141.721372618976,318.80480573503405
2025-01-28,1,50.58640014562334,26.784803349494577,1539.2401674747289,137.97476229748787
2025-01-28,2,179.90326475215997,74.85678470205033,3942.839235102517,367.3153527686088
2025-01-29,16,139.15058083156947,46.30504134439441,2515.2520672197206,213.42501205975952
2025-01-29,2,81.68315307242044,38.55428362279327,2127.7141811396637,204.64019787169562
2025-01-29,18,159.85204124181905,80.54206088529874,4227.103044264937,392.69669136781965
2025-01-29,7,15.950178982190058,6.666284616127626,533.3142308063814,32.639280691978975
2025-01-29,19,79.11208670960704,34.19241172783894,1909.620586391947,166.62823171281917
2025-01-29,12,17.42006441263353,7.99338248342804,599.669124171402,41.10657666988045
2025-01-29,2,91.47651722709443,48.187231995748725,2609.3615997874363,241.85565838599558
2025-01-29,6,165.84902513199253,84.58488229056785,4429.244114528392,393.2344289070475
2025-01-29,16,110.72844092250983,59.047637362499835,3152.381868124992,310.87891758343494
2025-01-29,6,138.23449316241076,79.7180670250313,4185.903351251565,424.2909152948438
2025-01-29,11,16.24787437139345,10.343249619613017,717.1624809806508,49.06302145970389
2025-01-30,11,77.71229397463887,30.752976609967437,1737.6488304983718,144.3716423070455
2025-01-30,14,95.16884026574373,36.437924821720856,2021.8962410860427,175.16767033819713
2025-01-30,15,102.82293520094163,45.29086052876456,2464.543026438228,236.31121466947863
2025-01-30,2,59.982960121033074,23.98830688011731,1399.4153440058656,112.29284714829944
2025-01-30,12,44.937327369778444,24.755902725159853,1437.7951362579927,114.0473969749172
2025-01-30,10,45.562693680322596,28.246704363856516,1612.3352181928258,129.5687334817047
2025-01-30,1,76.62909770133396,32.94469718671086,1847.234859335543,148.3362669267928
2025-01-30,9,145.96773531278518,69.69462703658928,3684.731351829464,338.7697278291158
2025-01-31,10,163.50381536067184,65.99948002954521,3499.9740014772606,348.51193828884124
2025-01-31,18,135.7730811516297,89.52465285509099,4676.2326427545495,475.3338279043695
2025-01-31,19,117.93678857163455,59.04944932184521,3152.4724660922607,275.6436683938838
2025-01-31,3,158.42783806742366,78.88245796293036,4144.122898146517,369.0473171839209
2025-01-31,5,120.92529757313889,65.98945444032435,3499.4727220162176,312.2586073131703
2025-01-31,14,119.28255519336905,36.05467895226757,2002.7339476133786,172.1445160026526
2025-01-31,7,129.69885141785298,58.9691615251583,3148.458076257915,307.67736541640204
2025-01-31,17,17.6104801413211,8.876010523462243,643.8005261731122,45.29622918859067
2025-01-31,6,110.4338413060575,39.01280658555926,2150.6403292779632,178.89939835897977
2025-01-31,1,113.29887015117785,50.1015195020562,2705.07597510281,242.66973958636353
2025-01-31,7,26.454934053105404,11.078716537114536,753.9358268557268,58.72114729581426
2025-01-31,8,160.2130494476406,89.32630906583222,4666.3154532916105,430.9399278675104
2025-01-31,3,46.403602365146185,15.486201243484356,974.3100621742178,75.30853362965652
2025-02-01,3,135.5573341894756,54.557889025194555,2927.8944512597277,276.18822789326276
2025-02-01,4,173.67484643254417,104.298686896996,5414.9343448498,487.12471613292894
2025-02-01,10,30.95161419170874,16.497041937093996,1024.8520968546998,79.97059072843315
2025-02-01,12,176.90400176681015,82.88438261828627,4344.219130914314,382.9116746342862
2025-02-01,19,40.148642199518875,31.219590273678108,1760.9795136839055,157.3453966042616
2025-02-01,20,117.89163852045534,47.169738740065554,2558.4869370032775,218.28803598695268
2025-02-01,16,98.62834125037963,31.45284888478758,1772.642444239379,145.23821709556503
2025-02-02,18,71.37629281299193,30.835111234730967,1741.7555617365483,146.1292983158476
2025-02-02,1,65.41151125857388,29.81628251125504,1690.814125562752,152.08076161878674
2025-02-02,6,166.69967558037885,99.55640877297292,5177.820438648646,532.7686506111601
2025-02-02,10,97.6902448650316,46.219996884162526,2510.9998442081264,237.0138354612923
2025-02-02,10,158.22935386772932,106.3003118451022,5515.01559225511,510.7388908017789
2025-02-02,9,68.2171163446585,20.038547509595606,1201.9273754797803,94.65437226266592
2025-02-02,14,175.97568314188595,108.67347326098373,5633.673663049186,503.4325461540586
2025-02-02,1,167.25493643471006,86.42975765357033,4521.487882678517,455.0362351841878
2025-02-02,20,97.923402616468,39.19617830535851,2159.8089152679254,190.78874712360908
2025-02-03,8,93.90861380293192,42.10189190394151,2305.0945951970753,192.82520795710818
2025-02-03,12,174.36065659028128,76.9900337364317,4049.501686821585,385.42303090943346
2025-02-03,18,60.829182918628085,30.03755509550132,1701.877754775066,135.7002964855329
2025-02-03,2,122.2831802456953,38.71853968875388,2135.926984437694,204.46337705703777
2025-02-03,10,49.93963285980393,27.22688263644466,1561.344131822233,139.38796443511674
2025-02-03,15,177.30702266846325,62.75800497697289,3337.9002488486444,290.02889902878036
2025-02-03,14,31.672558816756705,14.737159083345663,936.8579541672832,73.82465081817543
2025-02-04,7,52.76760979969124,19.25991341261865,1162.9956706309326,90.01607030445747
2025-02-04,4,101.96184154542252,41.30910141104462,2265.455070552231,222.51577978852887
2025-02-04,3,75.68029289475278,40.34774195952759,2217.3870979763797,211.16452254256427
2025-02-04,5,16.82015863072679,7.880727485846372,594.0363742923187,35.61452278978411
2025-02-04,15,111.05445791369543,54.50289105388714,2925.144552694357,278.9974756739923
2025-02-04,13,16.99992781624239,8.372257826090307,618.6128913045154,44.38583557527056
2025-02-04,13,22.0344795323604,9.129348069765163,656.4674034882581,46.98044793547002
2025-02-04,20,58.89318087088782,19.19649401459558,1159.8247007297791,102.9826711080615
2025-02-04,16,136.66391776898695,63.901390878414944,3395.069543920747,312.7638418220336
2025-02-04,6,79.7449640521983,44.36909420141355,2418.4547100706777,204.1932060103664
2025-02-04,9,170.56713833318818,85.41993455760404,4470.996727880201,408.2532773510291
2025-02-05,18,21.340347578783625,13.319632819342303,865.9816409671151,68.42563739006933
2025-02-05,2,78.74757012497206,33.907400827086825,1895.3700413543413,182.7402380070414
2025-02-05,13,39.777885134811875,23.149770234876065,1357.4885117438032,119.92108285299568
2025-02-05,13,21.273604959180062,13.170424010202387,858.5212005101193,69.83130760799136
2025-02-05,3,16.99789841375643,12.138627452768509,806.9313726384254,58.91181078243059
2025-02-05,14,178.6120874635952,138.09257629528508,7104.6288147642545,729.6594479738234
2025-02-05,19,43.72804033012392,17.03682310556225,1051.8411552781124,89.68818580802953
2025-02-05,10,18.455918570100614,7.903400261562642,595.1700130781321,37.90031950862425
2025-02-05,8,118.06948886095353,47.98543423542888,2599.271711771444,221.75923404509246
2025-02-06,4,142.81457380523503,79.20638010687341,4160.31900534367,359.7515150300049
2025-02-06,18,68.16555806836368,25.30492793916029,1465.2463969580144,116.75584015585632
2025-02-06,13,111.09973860419566,72.81001884577711,3840.500942288855,375.44330457765324
2025-02-06,11,22.216378270194966,8.5502532939587,627.512664697935,39.28851391508772
2025-02-06,8,86.29268568579234,43.27380603139922,2363.690301569961,235.54260801676025
2025-02-06,20,35.04772708965148,16.154700134182857,1007.7350067091428,83.12903062568066
2025-02-06,3,125.79006425761614,63.59565958543351,3379.7829792716757,302.6155974846413
2025-02-06,15,56.619768328604664,32.60053009540008,1830.026504770004,174.15198459307612
2025-02-06,8,107.03918220932654,34.60610877211821,1930.3054386059107,166.80351485233905
2025-02-06,11,59.439664219834135,33.28484917105518,1864.242458552759,153.3747115307193
2025-02-06,15,30.158696472157377,19.663539726725894,1183.1769863362947,91.44875440008813
2025-02-06,12,135.91225488643136,72.39466982702355,3819.7334913511772,362.5786081686952
2025-02-06,19,40.00894631196614,15.03696540880689,951.8482704403444,80.85584474337277
2025-02-07,5,41.41181976750455,16.215508367166592,1010.7754183583296,76.9698108439032
2025-02-07,5,160.43937864637854,59.97562497144323,3198.7812485721615,322.6578559760414
2025-02-07,2,48.66587971376831,27.578357311111727,1578.9178655555863,141.09047474572407
2025-02-07,2,73.63845383314701,44.73495099521961,2436.7475497609807,201.5412259840544
2025-02-07,12,138.0460741506533,65.47112733174866,3473.556366587433,318.709568771907
2025-02-07,11,139.78366855208967,84.80683568883958,4440.341784441979,424.20805056263964
2025-02-07,4,78.5870207028147,47.87743627412447,2593.8718137062233,225.84787796643113
2025-02-07,5,124.40193074258121,36.20042560808021,2010.0212804040104,163.95431157782642
2025-02-07,14,73.65634672282397,36.879617118070946,2043.9808559035473,187.65095142435726
2025-02-07,4,99.16810256230616,47.94817889101648,2597.4089445508243,226.5761827855155
2025-02-07,20,107.50891557866821,61.519229404537576,3275.9614702268786,326.3588352599096
2025-02-08,19,97.21218757346985,28.738246942966864,1636.912347148343,138.92753458384033
2025-02-08,6,49.62392915130756,30.435153530228412,1721.7576765114206,148.32458233747346
2025-02-08,17,86.61319541868941,27.916693115520086,1595.8346557760044,142.32559096815956
2025-02-08,15,179.72733937983668,122.4153585855958,6320.76792927979,602.4363451326591
2025-02-08,4,96.8674533786812,40.873952734137646,2243.6976367068823,224.44404223143786
2025-02-08,11,137.09775380312595,78.53717747218138,4126.85887360907,397.83399658923736
2025-02-09,10,70.19436264241881,19.441207806301673,1172.0603903150836,103.654630186345
2025-02-09,13,130.1156535408124,93.15096221350332,4857.548110675166,424.4084620089016
2025-02-09,3,85.8933741019243,60.95194198792172,3247.597099396086,285.62698177008406
2025-02-09,17,86.80476587713387,60.67670309086719,3233.8351545433597,311.34251779328827
2025-02-09,7,164.14569949296182,116.18257899508043,6009.128949754022,523.6382765052103
2025-02-09,9,41.21984766544334,18.897381213090263,1144.8690606545133,99.23723689361556
2025-02-09,4,17.211433361307325,6.0187127306947,500.935636534735,27.302612064316683
2025-02-09,7,55.75150184687997,31.876536287695817,1793.8268143847909,152.11322860799945
2025-02-10,10,154.39025698719354,56.29257966548277,3014.6289832741386,301.33922408191916
2025-02-10,11,25.337778570133498,13.778134992426288,888.9067496213145,69.33737149906595
2025-02-10,1,142.35652481996752,46.12536510552421,2506.2682552762103,241.34860815196905
2025-02-10,11,173.96008164523582,106.27655048712967,5513.827524356483,483.798264338375
2025-02-10,12,144.97264756207193,78.32579545462306,4116.289772731153,429.1901783069494
2025-02-10,5,122.93880924322228,50.38058802256018,2719.0294011280093,250.0858375836478
2025-02-10,12,72.66855139432509,23.22191407183447,1361.0957035917233,109.73090370951225
2025-02-10,10,29.658640439448124,16.946282328253382,1047.3141164126691,92.87438537037274
2025-02-10,2,81.65634959388046,46.88517172736722,2544.258586368361,236.71566744409003
2025-02-10,2,28.484682048218414,13.761649441504163,888.0824720752082,64.2087535948223
2025-02-10,2,124.59100589339387,42.37465936820546,2318.732968410273,227.21236878040813
2025-02-10,19,122.41062207990744,52.01802794711575,2800.9013973557876,260.7405028687268
2025-02-10,10,176.38019996563222,105.35898293868763,5467.949146934381,509.9140320533334
2025-02-11,20,104.89988024894508,67.73583664081372,3586.7918320406857,306.0268304355856
2025-02-11,8,159.84196289508674,114.9900336246535,5949.501681232676,544.9143356871439
2025-02-11,9,107.43007263186045,64.14767606130222,3407.383803065111,324.1070066564014
2025-02-11,3,165.02133396715743,84.56548176549215,4428.2740882746075,389.46410219513615
2025-02-11,20,89.52997517322764,34.92014429723908,1946.0072148619538,172.54295274918786
2025-02-11,11,48.6214657560687,22.586713089048594,1329.3356544524297,119.54818418482033
2025-02-12,4,60.61287894626035,28.02829806224639,1601.4149031123195,131.61642594804744
2025-02-12,14,102.9497630956131,42.85084009502957,2342.5420047514785,226.82069570882996
2025-02-12,7,116.22306787546408,61.19774972629621,3259.8874863148103,285.72337124882625
2025-02-12,6,38.21740212804514,13.37849833963434,868.924916981717,72.16348237934503
2025-02-12,16,40.09720673167502,20.138822035650037,1206.9411017825018,92.30556751439472
2025-02-12,9,147.5945833478533,87.89039154531709,4594.519577265854,432.2239379947705
2025-02-12,13,68.29684773372529,54.18998321187693,2909.499160593846,279.4108158747228
2025-02-12,5,107.35968780033312,59.45636332608028,3172.818166304014,320.48514122155655
2025-02-12,5,175.62046934606857,71.88826168083068,3794.413084041534,389.5055545180523
2025-02-12,6,132.1900617728464,57.24675352150939,3062.3376760754695,304.64643581420125
2025-02-12,12,66.82003117380077,31.505677204961874,1775.2838602480938,169.4949326411423
2025-02-12,16,132.48231335457882,67.75531061308864,3587.765530654432,321.151642776717
2025-02-12,20,164.38437925584861,83.55269746798866,4377.634873399434,427.2698975929401
2025-02-12,16,110.24620557682115,71.69475992747606,3784.7379963738026,383.1179647322229
2025-02-13,3,20.13407398636402,9.834965088744724,691.7482544372363,47.35456605912165
2025-02-13,15,43.8554371340333,24.16762090444806,1408.3810452224031,128.9835866663203
2025-02-13,3,129.53484462912212,60.22747044396714,3211.373522198357,283.83064989081817
2025-02-13,3,140.92062305771674,73.01318241270201,3850.6591206351004,394.534605226
2025-02-13,17,141.40068812832493,89.85891504614307,4692.945752307153,427.75421232929483
2025-02-13,1,159.247409482828,46.0647491319024,2503.23745659512,225.24553949716613
2025-02-13,14,90.95911474831784,57.587884314827875,3079.394215741394,281.0519422241304
2025-02-13,14,94.04656041205295,30.91034883950419,1745.5174419752095,139.93655900485598
2025-02-13,6,61.20615937583076,34.762851606443455,1938.1425803221728,188.0938002057995
2025-02-13,10,130.3870368958236,95.35468496128703,4967.734248064352,488.34419111383124
2025-02-13,9,65.283930738712,36.330966255391,2016.54831276955,195.1973384437994
2025-02-13,14,51.04312517574567,15.769284846446817,988.4642423223409,75.11408340758028
2025-02-13,9,17.046665985756942,7.6824202666623025,584.1210133331151,39.167724864058535
2025-02-14,3,52.34799656634518,31.38491358596315,1769.2456792981575,143.25616411203822
2025-02-14,8,159.74819086631962,66.32094531374852,3516.0472656874263,364.0375495797568
2025-02-14,16,54.519178035073786,26.542662298762327,1527.1331149381163,134.91122535346202
2025-02-14,14,156.189855483194,65.38560436822132,3469.280218411066,348.59507935083775
2025-02-14,3,95.58181378218488,55.9188034213956,2995.9401710697803,253.46012262151473
2025-02-14,3,151.83232188726467,97.82669838640098,5091.334919320049,490.84021092308836
2025-02-14,15,28.564165512443974,17.933477609028845,1096.6738804514423,83.16692877701988
2025-02-14,19,162.2663428425496,81.41488728990362,4270.744364495181,417.76482608481547
2025-02-14,20,145.15237354438432,84.92930303266156,4446.465151633079,393.366495590382
2025-02-14,4,78.44436906139407,41.26829282820323,2263.4146414101615,224.93411154734224
2025-02-14,2,93.0280269137993,55.832348417058505,2991.617420852925,273.9677653314192
2025-02-14,18,74.70576037884788,30.003867201888788,1700.1933600944394,139.21866683655364
2025-02-14,10,175.30289399867337,77.23747186218894,4061.873593109447,362.7147149497215
2025-02-14,3,88.83224331820554,45.241501917902696,2462.075095895135,227.8817839447382
2025-02-15,17,16.26456538712218,5.384446146082877,469.22230730414384,24.811666512879643
2025-02-15,7,147.42663713066912,77.64540103769797,4082.2700518848983,372.1923620477175
2025-02-15,9,80.50748180413663,30.539107882670518,1726.955394133526,140.90250845158914
2025-02-15,19,160.1773417645914,68.26288494378858,3613.144247189429,353.2891141635454
2025-02-15,14,178.8147784348466,61.36527351974009,3268.2636759870047,300.3569996422256
2025-02-15,12,135.42695095999895,90.77948989388614,4738.9744946943065,431.94454084220655
2025-02-15,16,63.96006078217485,43.29070086671355,2364.5350433356775,226.0377819992595
2025-02-15,14,23.43733793794662,8.093922575531241,604.6961287765621,41.309725237520745
2025-02-15,18,57.35454767115756,35.66236079067136,1983.1180395335678,184.11280450591843
2025-02-16,5,34.969125080056855,18.201560208490058,1110.0780104245027,83.19947121947158
2025-02-16,19,73.5372631529374,50.805778536923526,2740.2889268461763,263.1063589345257
2025-02-16,2,161.52644561941943,86.15118433811669,4507.559216905835,399.64425876119026
2025-02-16,9,116.07462227689517,78.99117132839054,4149.558566419527,364.98332150298074
2025-02-16,2,102.44860128285909,74.7338434657655,3936.692173288275,397.5849910605016
2025-02-16,9,84.63565292106044,36.33094681742868,2016.547340871434,184.45947906640794
2025-02-17,5,35.29554369541803,17.18732961446844,1059.366480723422,89.87552834175185
2025-02-17,6,154.52471989333463,84.73395811231386,4436.697905615692,438.32593709836755
2025-02-17,9,65.54172729840509,38.24672823700808,2112.336411850404,202.64571298011177
2025-02-17,3,89.27035459501882,51.86905447570572,2793.452723785286,238.53922620028794
2025-02-17,11,111.06279318802879,52.81437372996917,2840.7186864984583,274.9297572331149
2025-02-17,1,101.75907881409842,44.417703070976394,2420.8851535488197,228.5619740577215
2025-02-17,5,161.8660108053284,62.5803956766639,3329.019783833195,283.20431142897417
2025-02-17,18,120.08888238003263,44.4704437204859,2423.522186024295,218.3333754589098
2025-02-18,17,31.707885911501222,19.765713945852962,1188.2856972926481,105.58297594612533
2025-02-18,12,107.34859339826008,34.28705846914109,1914.3529234570544,187.61964991411534
2025-02-18,3,174.06287217442087,65.5031536552425,3475.1576827621248,296.7918933777006
2025-02-18,10,80.24665421883087,30.16776738992766,1708.3883694963831,150.47233469247274
2025-02-18,10,163.5137251977193,71.92895011904774,3796.447505952387,346.26357188899163
2025-02-18,6,114.48557461911115,83.20687623984671,4360.343811992336,398.42825865079334
2025-02-18,15,40.01140832353019,16.33879152823751,1016.9395764118756,86.16325256483596
2025-02-18,5,40.43393212445037,21.290222573058394,1264.5111286529198,112.02706074793709
2025-02-18,19,73.77063177440303,48.677471072065046,2633.8735536032523,227.67285241402493
2025-02-18,14,126.76890805058828,59.091309239669094,3154.5654619834545,298.10547117283807
2025-02-18,1,110.77715416395984,41.124121639301734,2256.206081965087,210.8118837856832
2025-02-19,11,49.205985525947064,31.977853189142966,1798.8926594571483,153.50934480876975
2025-02-19,19,48.21649779070149,18.292226876305836,1114.6113438152918,91.01381695121354
2025-02-19,4,164.64556345774758,64.45891368590777,3422.9456842953887,328.6837736651499
2025-02-19,13,90.64696005392753,34.44768308608196,1922.384154304098,173.93746056991014
2025-02-19,5,146.0447593206519,71.47428289947972,3773.714144973986,389.1090047307524
2025-02-19,17,171.60350360975767,72.4743845236806,3823.71922618403,380.8254389404287
2025-02-19,6,112.14070115166777,47.00499328814915,2550.2496644074577,221.07496982916962
2025-02-19,15,114.94962501794436,69.4688981526575,3673.444907632875,363.02476475809226
2025-02-19,14,90.23658050038959,45.19097219981368,2459.548609990684,230.08562132300514
2025-02-19,7,172.74777869596898,58.32236639669951,3116.1183198349754,312.25573151076816
2025-02-19,17,120.63272140733793,46.78926212795614,2539.463106397807,225.14520738759128
2025-02-19,3,88.97264413595467,47.06404539247583,2553.202269623792,255.38751732008615
2025-02-20,16,140.82840512453893,73.55847952986284,3877.9239764931417,395.15970773708796
2025-02-20,10,37.18179635234011,15.194487565501657,959.7243782750828,80.59820519407057
2025-02-20,3,49.766319038088525,26.09245093294628,1504.622546647314,143.45162091501075
2025-02-20,8,179.11702585739965,52.114695740479775,2805.7347870239887,236.81761669937714
2025-02-20,4,152.6338585051115,75.90135364426452,3995.067682213226,398.74229057188
2025-02-20,5,150.6178949300884,104.79896447936277,5439.948223968138,544.9582070437128
2025-02-20,8,80.8515310321643,42.35927226139312,2317.9636130696563,219.7347585089303
2025-02-21,6,65.51266124513288,35.61661518307178,1980.830759153589,180.82700361494696
2025-02-21,2,16.004643459573447,6.740171918958309,537.0085959479154,34.9258767019968
2025-02-21,17,97.60300423161894,63.219531949829765,3360.976597491488,287.66315871069315
2025-02-21,2,132.1681593095816,64.94924150854698,3447.4620754273487,348.3488117137215
2025-02-21,3,147.57465264398596,91.29935295828379,4764.96764791419,493.5744365153562
2025-02-22,7,93.61210274672561,40.406730472822694,2220.3365236411346,221.387713186554
2025-02-22,19,74.03932387873556,34.53377417109695,1926.6887085548476,186.0907357629163
2025-02-22,10,111.66769009483066,50.11925692184013,2705.9628460920067,259.74892403804887
2025-02-22,14,91.42349826397138,34.66348111337285,1933.1740556686427,166.03703875162213
2025-02-22,4,38.574533621002935,20.740435837968473,1237.0217918984235,103.63364081882638
2025-02-22,14,160.52870800406993,106.2446654604916,5512.23327302458,506.951419781204
2025-02-22,17,67.40182121808425,22.570329962586406,1328.5164981293203,102.62394786648376
2025-02-22,6,162.79490977781853,84.78072023731855,4439.036011865927,410.3701180874496
2025-02-23,12,137.24916926509178,50.629538764947746,2731.4769382473874,246.07140159862016
2025-02-23,19,108.22241901641684,69.26819512153304,3663.4097560766522,374.54697230097986
2025-02-23,19,86.57987423012737,52.41594437637337,2820.797218818668,286.4048303468878
2025-02-23,5,34.143742422447936,12.169247262021127,808.4623631010563,66.08109315346817
2025-02-23,10,37.95411506702944,18.25115433832422,1112.5577169162111,85.46663761284665
2025-02-23,12,36.38410744724792,23.93799194125056,1396.8995970625278,114.1595183084119
2025-02-24,20,144.00093745191438,64.65687092295366,3432.843546147683,314.23565565280035
2025-02-24,16,78.54481978391252,48.380577376367576,2619.0288688183787,223.08175490888357
2025-02-24,14,142.17880201354015,54.35389552903821,2917.6947764519105,254.70360458897818
2025-02-24,5,150.65968132470985,82.21918201446715,4310.959100723358,424.03338466349174
2025-02-24,11,135.5318995582004,83.26000096882484,4363.000048441242,437.44996297836514
2025-02-24,13,63.72474379935241,25.607628116538773,1480.3814058269386,134.14805556009804
2025-02-24,6,121.39737966368178,61.269723384561786,3263.4861692280892,287.9196200172661
2025-02-24,4,29.0813205199136,10.785526863515507,739.2763431757753,57.41469685813678
2025-02-24,10,104.72794509792917,41.28362885299267,2264.1814426496335,195.76238073078116
2025-02-24,6,70.66201521690029,20.40179525456223,1220.0897627281115,100.24713180776949
2025-02-24,3,81.7078082970534,43.28318472465768,2364.159236232884,195.20386584401012
2025-02-24,11,159.81175824237894,53.217868429775045,2860.893421488752,280.0488697029604
2025-02-25,16,142.532044509559,86.03990704200815,4501.995352100407,397.9819104963196
2025-02-25,10,142.07610493992084,72.58278409839775,3829.1392049198876,345.8992698676652
2025-02-25,1,136.93938203501318,59.0060943793403,3150.3047189670147,299.1992302712849
2025-02-25,16,64.46708704826392,42.09175112190705,2304.5875560953527,225.06715356310485
2025-02-25,9,105.24893647627904,66.91911034352756,3545.955517176378,320.61911058929377
2025-02-25,13,80.67087333749296,28.94929493011303,1647.4647465056514,136.87908003676927
2025-02-25,2,114.54314794296559,46.348557496442965,2517.427874822148,239.69815963727166
2025-02-25,4,173.03531716305363,124.83587872402072,6441.793936201036,685.5147439535024
2025-02-26,18,121.3575438324867,70.15436524547373,3707.7182622736864,330.07497024623507
2025-02-26,12,117.25620428645972,84.40093008094594,4420.046504047297,406.4028885793005
2025-02-26,19,39.248847082054596,24.983409975717528,1449.1704987858764,122.12304786541351
2025-02-26,11,57.88432157506742,30.2895474509374,1714.47737254687,145.1022135384639
2025-02-26,15,25.00377280096725,15.156495208321452,957.8247604160726,82.3089660159344
2025-02-26,20,119.10209538781196,49.06582301384565,2653.2911506922824,267.79802960500075
2025-02-27,2,54.912393528626716,29.44071485636227,1672.0357428181135,134.72775393086198
2025-02-27,6,168.22894735745567,100.59303434728562,5229.6517173642815,470.80637690385703
2025-02-27,3,42.34871367032573,18.0319105028698,1101.5955251434898,82.0448146347258
2025-02-27,1,37.60484540385578,25.279391394465357,1463.9695697232678,123.66320052118763
2025-02-27,12,173.50345095967796,81.72341514107598,4286.170757053798,449.0553982859734
2025-02-27,12,57.824394224054906,28.734378567701928,1636.7189283850964,131.4046568242619
2025-02-27,18,176.8943430657786,78.38751597936599,4119.3757989683,423.91175311219394
2025-02-27,2,130.22134094254952,71.5331715459526,3776.65857729763,391.07561731120876
2025-02-27,8,41.67578697909871,22.308790948612888,1315.4395474306443,105.90742266752981
2025-02-27,1,90.60871731481758,63.70507369208183,3385.2536846040916,335.3166924662445
2025-02-28,12,16.997014268057725,5.389941961093344,469.4970980546672,29.24687109847627
2025-02-28,10,147.78426512829964,57.88040189443275,3094.0200947216376,270.75804463715156
2025-02-28,8,148.3654475267297,55.70312884586308,2985.1564422931538,273.0993169884532
2025-02-28,12,124.30161193067623,42.430335498150505,2321.5167749075254,207.81685123518585
2025-02-28,2,178.88707754478907,68.81209560704421,3640.6047803522106,335.2335422284163
2025-02-28,20,29.96908086876362,8.490524222466622,624.5262111233311,41.98025376245971
2025-02-28,14,117.63652779121398,74.57546043853108,3928.773021926554,378.3840477168581
2025-02-28,18,123.34412716179956,44.70730422973408,2435.365211486704,242.23486323743526
2025-02-28,20,19.540665548168523,13.190613415299584,859.5306707649792,62.374379913488596
2025-02-28,1,43.91159239746151,24.94684107168589,1447.3420535842945,135.97173869605479
2025-03-01,5,133.66138299585387,67.63218630482952,3581.609315241476,326.41581993095076
2025-03-01,19,61.611850885520624,32.16841344048682,1808.4206720243412,175.20386490065454
2025-03-01,8,81.1553908080527,53.86054399878785,2893.027199939392,290.24840820506205
2025-03-01,18,48.77221799445185,22.6200804705087,1331.004023525435,109.29038229136907
2025-03-01,7,20.41358798122039,10.528468439346588,726.4234219673294,50.486551976547645
2025-03-01,3,98.64187226370271,52.105085937550456,2805.254296877523,278.0236685215874
2025-03-01,4,129.44697948317622,81.1496624706767,4257.483123533835,377.4753702702902
2025-03-01,17,103.95060120144143,43.10884481944765,2355.4422409723825,195.60944799321837
2025-03-01,9,15.001919734635413,7.147518087860159,557.3759043930079,32.55433190054742
2025-03-01,10,48.09244142704218,15.513349342038191,975.6674671019096,76.59688199747293
2025-03-01,19,23.563655691905986,8.644986603170473,632.2493301585237,45.228190259073195
2025-03-01,4,137.41289394818799,82.0455616587522,4302.278082937611,394.0591637614484
2025-03-01,5,132.5825199612546,70.06564497645009,3703.2822488225042,341.28562337881385
2025-03-01,15,148.10443074963197,107.95416478611781,5597.708239305891,528.2408010624092
2025-03-02,8,124.06735195080785,45.394218392217894,2469.7109196108945,236.47304736281512
2025-03-02,2,143.80423337521694,89.6504065293579,4682.520326467895,407.230005662268
2025-03-02,17,114.25639008447097,53.615398414222874,2880.7699207111436,281.9636634849161
2025-03-02,6,143.82075577814865,71.1623578980336,3758.1178949016803,389.4303105400486
2025-03-02,2,130.03954801509008,73.17213628086778,3858.6068140433886,396.6657498755162
2025-03-02,7,155.3278164355382,56.55381898812178,3027.690949406089,257.4270628218466
2025-03-02,9,71.98142212040649,38.180383559054995,2109.0191779527495,204.51464575105143
2025-03-02,17,134.96436566653938,82.8423900799073,4342.119503995365,413.9020165464318
2025-03-03,3,94.6125693388345,45.37347732872968,2468.673866436484,245.3149816270733
2025-03-03,17,19.156913303272844,9.448169964459712,672.4084982229856,49.16543996195683
2025-03-03,14,154.1408850045064,57.72099138958198,3086.0495694790993,288.6677504751571
2025-03-03,6,105.1610021528448,56.58650076800947,3029.3250384004737,283.2038699671897
2025-03-03,16,157.33567773961454,69.26797234674696,3663.398617337348,349.9907739970849
2025-03-03,12,52.41001808444394,36.88738828278994,2044.3694141394972,190.9716312375089
2025-03-03,12,62.857512773802085,41.91954027258821,2295.9770136294105,222.03444914063255
2025-03-03,7,66.62242154109644,49.00668257284337,2650.3341286421683,268.65001243989826
2025-03-03,19,17.005867293768823,7.788265471328464,589.4132735664232,39.321851610839495
2025-03-03,11,46.58556728242451,25.735115338971738,1486.7557669485868,126.88802097510543
2025-03-04,14,114.90828649161962,45.014337747950506,2450.716887397525,206.34210219489432
2025-03-04,9,128.09824073161374,46.803855769486105,2540.1927884743054,228.11829771625045
2025-03-04,4,177.0381736076338,115.16678151769482,5958.339075884741,531.6318553341247
2025-03-04,19,144.5693539001425,92.29069129302182,4814.534564651091,445.3260186421306
2025-03-04,10,165.9306339678231,54.828912497876146,2941.4456248938072,300.30366873573183
2025-03-04,2,175.16162999260777,62.49620803028367,3324.8104015141835,327.3479496509228
2025-03-05,20,84.75022508749882,36.48150293903072,2024.075146951536,173.8079584967762
2025-03-05,10,100.2703399561461,61.20292096468183,3260.1460482340917,309.0506533556499
2025-03-05,6,174.80865973048222,77.63186240337124,4081.593120168562,355.21107752583913
2025-03-05,6,26.275127299524694,13.508921032528939,875.4460516264469,66.97753053495099
2025-03-05,3,122.00329531958354,41.5454627917198,2277.27313958599,227.0465926878476
2025-03-05,15,108.00389521974576,55.820957215485535,2991.0478607742766,283.7690159755221
2025-03-05,4,56.17152052831103,16.315730375545353,1015.7865187772677,75.33080465796326
2025-03-05,10,116.02259487570437,55.15445146978296,2957.722573489148,248.56358078601707
2025-03-05,4,130.68803307888314,70.50121511614167,3725.0607558070833,318.34082659345614
2025-03-05,4,169.48407800318117,102.43422099036789,5321.711049518394,483.53906983867245
2025-03-05,9,153.56726509963042,65.0373301665106,3451.86650832553,356.20990962012036
2025-03-05,17,97.17666485438338,52.54836604491576,2827.418302245788,283.2386895771179
2025-03-05,15,57.68742095564776,30.047628409087977,1702.381420454399,135.48638392361872
2025-03-05,17,105.23453436954736,63.31293281947988,3365.646640973994,297.825597643083
2025-03-06,7,47.879605517022135,32.82543198040436,1841.271599020218,148.165647660052
2025-03-06,1,50.37706969387215,19.185020048610816,1159.2510024305407,87.53215845614055
2025-03-06,18,135.90102333971726,77.81851520964275,4090.925760482138,356.4982270275648
2025-03-06,16,69.95075384789074,41.899622301656514,2294.981115082826,209.22580553421676
2025-03-06,13,144.81696805392602,67.82533832821308,3591.2669164106537,322.398058254134
2025-03-06,14,63.09679725241428,36.16262359212553,2008.1311796062764,170.1891685627675
2025-03-07,11,103.82477063719271,41.602097419538524,2280.104870976926,224.45771361307638
2025-03-07,9,20.77630594312293,11.939350445950257,796.9675222975129,64.15876114349076
2025-03-07,6,85.55422006105066,43.59578448360221,2379.7892241801105,236.99891836594244
2025-03-07,18,151.08263416225626,63.62553500339749,3381.2767501698745,287.709154782304
2025-03-07,4,112.3883887598973,52.09104860211036,2804.552430105518,235.8844826803937
2025-03-07,15,61.37128342786966,28.194836320297004,1609.7418160148502,138.4021714131512
2025-03-07,6,41.316223319324116,13.236222282569665,861.8111141284833,62.020261323662965
2025-03-07,18,160.47895095417883,104.22939085135226,5411.469542567613,480.5425046850042
2025-03-07,5,16.314126782999434,10.228506254124545,711.4253127062273,51.68853085605387
2025-03-07,20,158.9849074202278,85.87764356137014,4493.882178068507,455.9522682276277
2025-03-07,5,68.91251943495674,31.18239507586114,1759.119753793057,169.66717883191563
2025-03-07,1,67.57047885599518,35.63136078432241,1981.5680392161205,189.87493501738177
2025-03-07,7,46.98740620958729,31.174217053116248,1758.7108526558125,166.40511428727714
2025-03-07,16,138.47871585484705,69.37094160109272,3668.5470800546364,323.2939364276855
2025-03-08,5,82.83044546527256,45.35202183326703,2467.6010916633513,226.2783096481062
2025-03-08,13,42.27194087358797,15.354046574183569,967.7023287091785,80.33852940204932
2025-03-08,18,63.96980253327535,30.832303424206504,1741.6151712103251,151.51613402474712
2025-03-08,10,160.4743095848976,63.22122464474563,3361.0612322372817,321.29935533577896
2025-03-08,2,100.67205417873384,48.45642893263325,2622.8214466316626,220.851424467469
2025-03-08,19,70.38618245144484,42.22493977343986,2311.2469886719928,231.6564353053828
2025-03-08,9,83.60289208134812,40.47284902264946,2223.642451132473,210.31431903696787
2025-03-08,15,139.34311407304924,52.05111960550407,2802.5559802752036,262.68561782450695
2025-03-09,1,119.18412200103211,51.51695361701025,2775.8476808505125,263.02691032952436
2025-03-09,7,38.56892419436476,19.19776460931113,1159.8882304655565,93.91276474831601
2025-03-09,17,127.01812463784368,88.62253594457142,4631.126797228571,467.6158628853365
2025-03-09,17,156.45596888953875,84.05600344286634,4402.8001721433175,452.6936734450755
2025-03-09,11,128.62421883579947,43.20146042981877,2360.0730214909386,225.6603946866134
2025-03-09,1,91.73411596960632,50.510223583845324,2725.5111791922664,233.7303224810258
2025-03-09,9,102.71027046787387,58.34886548969376,3117.4432744846877,286.176016817486
2025-03-09,15,91.94110976312807,31.4877935834182,1774.3896791709099,166.99669908304335
2025-03-09,19,61.34552425573022,20.175555546366457,1208.777777318323,100.4593385238764
2025-03-09,15,104.39055910414794,56.609404966869285,3030.4702483434644,291.44321898208125
2025-03-09,13,89.32896429264824,53.88069577515396,2894.034788757698,254.93912182363835
2025-03-09,10,67.99175518493233,25.999110942180263,1499.9555471090132,126.68153315393936
2025-03-10,4,91.59935575697212,55.89817930136035,2994.9089650680176,291.160516534767
2025-03-10,11,152.17567152662505,88.71400769324353,4635.7003846621765,455.2792832743062
2025-03-10,2,142.51357959290567,60.80107036139791,3240.0535180698957,320.20975208599174
2025-03-10,5,100.977076433884,48.67273629437851,2633.6368147189255,255.9456753533369
2025-03-10,3,125.74098310764863,74.50152246270636,3925.076123135318,347.9132446704547
2025-03-10,9,72.24883885620214,28.92066848013786,1646.033424006893,137.61122187167334
2025-03-10,3,86.47191336700246,58.355272567587626,3117.7636283793813,294.20665092444085
2025-03-10,10,65.63924467710406,33.594185779392774,1879.7092889696387,164.14831344419233
2025-03-10,8,66.78142335702857,24.484878449755104,1424.2439224877553,120.58437427079909
2025-03-10,12,134.51682704437405,80.09150680147603,4204.575340073801,407.2387289267643
2025-03-10,18,78.16179613200399,50.49438598256624,2724.7192991283123,267.4304600605024
2025-03-11,6,102.9864808810519,61.767203188880245,3288.3601594440124,291.8526216414142
2025-03-11,13,151.27642170714503,67.2402467573046,3562.01233786523,346.603910189075
2025-03-11,7,58.66477944268396,36.593856754353915,2029.6928377176957,193.14329969349944
2025-03-11,6,144.806876216706,94.10011136017727,4905.0055680088635,437.62274040538233
2025-03-11,8,20.139600310909525,6.878535222655412,543.9267611327706,37.00091880604455
2025-03-11,3,151.01393716007942,93.80684191738192,4890.342095869096,495.6540012239685
2025-03-11,14,161.5395011741159,82.80765236427543,4340.382618213771,455.12391396633177
2025-03-11,6,30.564025338022198,20.036294610965925,1201.8147305482962,104.32573726994904
2025-03-11,6,30.661459575575503,19.012974876226778,1150.648743811339,99.7835888656023
2025-03-11,10,15.943565924530233,8.011909544117314,600.5954772058657,38.48945599005463
2025-03-11,13,36.46331052177624,11.733219958156882,786.6609979078441,61.99526310119291
2025-03-11,11,17.2602608174709,5.748094803407041,487.40474017035206,25.95691837171263
2025-03-11,14,166.2395447709978,87.31887009886216,4565.943504943109,404.5172900857358
2025-03-12,11,15.882116540970136,9.912369480315192,695.6184740157596,48.59375539257688
2025-03-12,19,110.85681268154958,81.11415576878935,4255.707788439468,400.8899895904861
2025-03-12,10,37.841856399350064,20.46893922147904,1223.446961073952,109.88567413430457
2025-03-12,11,168.30802080255134,76.1179472132882,4005.8973606644104,358.6400526155744
2025-03-12,19,88.10479478451948,50.21766749651506,2710.883374825753,249.13822984188482
2025-03-12,6,112.87110614151226,38.913760147170905,2145.6880073585453,201.3703929754081
2025-03-12,18,33.160441893184014,22.398940788843014,1319.9470394421508,102.01352870540566
2025-03-12,9,26.51710801141377,15.104010739687581,955.200536984379,80.20620272402793
2025-03-12,1,44.59374169772476,24.89169073097253,1444.5845365486266,128.63429841789332
2025-03-12,14,43.00519071519232,16.2405268884067,1012.0263444203349,82.98417842481354
2025-03-12,11,89.84053498726763,46.80514239573689,2540.257119786844,253.22579148825716
2025-03-12,13,40.35902206929375,19.26926099687295,1163.4630498436477,104.46458939713985
2025-03-13,11,112.81862978383818,41.82248245450267,2291.1241227251335,189.5287741156137
2025-03-13,8,53.08111789787774,35.472348965308804,1973.61744826544,168.36191394841342
2025-03-13,14,123.74249267181834,57.214451635336765,3060.722581766838,308.1623823581324
2025-03-13,16,76.9477830952056,53.27312271075517,2863.6561355377585,246.39994243144787
2025-03-13,19,19.954290879349813,13.239245383774199,861.9622691887099,72.46345557440779
2025-03-13,8,170.22759444876766,85.77263987168146,4488.631993584073,415.7834792562804
2025-03-13,12,149.80069469985307,108.70976320727475,5635.488160363738,498.44551425693186
2025-03-13,11,145.25255461574164,59.466939049024774,3173.346952451239,295.8451058232263
2025-03-13,18,59.31275762985103,18.87221417125613,1143.6107085628064,87.7043797482001
2025-03-14,3,177.5751323274021,58.37423288835087,3118.7116444175435,263.19226265376807
2025-03-14,8,49.20004154616516,23.743360069034594,1387.1680034517296,107.332353403684
2025-03-14,10,57.31640506776638,27.696182269108448,1584.8091134554224,126.36562748473595
2025-03-14,5,43.06904385603144,30.26911801176927,1713.4559005884635,138.52601185150527
2025-03-14,2,151.8368486307503,90.42883022128534,4721.441511064267,421.0349030369843
2025-03-14,6,143.79174443639027,57.77694545615907,3088.8472728079532,260.1777265101411
2025-03-15,17,87.88817112022167,55.70523833247992,2985.261916623996,290.51320441185436
2025-03-15,2,90.64118498168727,53.66757858961989,2883.378929480995,277.3117741956222
2025-03-15,8,124.59328265684464,40.7405371444294,2237.02685722147,188.48024807036555
2025-03-15,13,178.2594366092343,106.50248341582949,5525.124170791474,500.0468941346372
2025-03-15,18,92.69311377682416,52.38771830990776,2819.385915495388,271.7371458831782
2025-03-15,7,34.306934601561125,17.479244585405482,1073.962229270274,90.8663882827514
2025-03-15,8,47.40917061888287,26.835814879157038,1541.7907439578519,135.99659216204478
2025-03-15,14,121.38296601517507,50.808195108483694,2740.409755424185,247.54632935492046
2025-03-15,6,36.72284215088764,19.663826641076437,1183.191332053822,105.28525594595676
2025-03-16,3,45.168233678354824,25.13185417596499,1456.5927087982495,136.39368348072898
2025-03-16,8,107.19638086302561,54.59281428202387,2929.6407141011937,259.4686427740451
2025-03-16,10,75.61947023501662,28.022248824480485,1601.1124412240242,149.78230649754087
2025-03-16,5,43.89531812150828,21.739191170276705,1286.9595585138352,102.57001557466961
2025-03-16,20,56.195377202137976,18.936494081293752,1146.8247040646875,101.7016423773055
2025-03-16,18,23.829886380652145,9.762285749727036,688.1142874863518,46.520904732667105
2025-03-16,1,72.95119891254885,26.449878896486837,1522.4939448243417,143.3779072809471
2025-03-16,13,170.8698458082307,107.26776645238394,5563.3883226191965,566.9973163651592
2025-03-16,13,92.23139394865787,49.77827257459502,2688.913628729751,231.6925816272847
2025-03-16,2,140.47001142760783,76.62297344065689,4031.148672032845,416.45904644664387
2025-03-16,18,80.64784099787549,42.65824209399027,2332.9121046995133,193.26161672859922
2025-03-16,16,71.16790675885285,37.48521594546598,2074.260797273299,202.81772370555547
2025-03-17,10,142.63620240770638,56.11142118728788,3005.571059364394,268.12678370198046
2025-03-17,20,168.18327842999074,125.1719613916002,6458.59806958001,657.6201982253488
2025-03-17,16,54.18396186412249,20.660543502729354,1233.0271751364676,95.27801779249887
2025-03-17,8,61.37320877753671,22.852347126846283,1342.6173563423142,121.15047915239998
2025-03-17,19,138.8769921198242,57.7860912336774,3089.3045616838704,273.72886128090244
2025-03-17,8,168.3088783399284,64.32625055533737,3416.3125277668682,290.7003280620972
2025-03-17,19,101.5813802141363,53.7250478120336,2886.25239060168,260.3023558810053
2025-03-17,17,69.81391920630807,24.58606479463006,1429.303239731503,126.30094317062049
2025-03-17,17,122.8082772489823,44.818989309149764,2440.9494654574883,229.45601149669736
2025-03-17,5,161.0010944198407,85.02282351769333,4451.141175884666,406.5464968773184
2025-03-17,13,16.696941829389186,10.33886583032257,716.9432915161285,52.96279985427667
2025-03-17,14,146.0893349458285,53.33388302327405,2866.6941511637024,256.70468317831654
2025-03-17,1,29.683302951297197,20.029918806966652,1201.4959403483326,109.8610149203975
2025-03-17,16,89.71426284480127,31.036291358121332,1751.8145679060667,147.11169093146418
2025-03-18,12,60.0367491306955,26.294925541519728,1514.7462770759864,142.34055027060347
2025-03-18,3,55.698671607892074,29.078933358591527,1653.9466679295763,152.6986300196461
2025-03-18,8,110.35203359452457,78.94375806423452,4147.187903211726,415.01113449880853
2025-03-18,16,144.39401877026904,80.66227307335534,4233.113653667767,383.1020946251886
2025-03-18,15,81.39703278438644,59.223827464333596,3161.19137321668,320.3520625626507
2025-03-18,16,129.0242091019782,47.92220874816989,2596.110437408495,224.49793452945275
2025-03-18,20,152.1066132240863,62.1166719847066,3305.83359923533,312.53723451053725
2025-03-18,6,127.55527165766976,70.87158017427811,3743.5790087139053,370.93356792747403
2025-03-18,5,73.59672187937907,22.74891628620526,1337.4458143102631,102.71538091255229
2025-03-18,18,32.46578391985496,20.457321633284955,1222.8660816642478,106.3717288629602
2025-03-18,8,80.92059945684424,28.785437086801302,1639.2718543400651,153.32710083577228
2025-03-18,5,31.291639135639866,10.598345615092125,729.9172807546063,48.66938314644286
2025-03-18,6,50.424821431453644,18.618927058148284,1130.9463529074142,97.54207652890362
2025-03-19,19,123.68841038995866,53.14999652370354,2857.499826185177,248.34462781662097
2025-03-19,8,63.89900622969258,46.54922066273794,2527.4610331368967,255.25577991495794
2025-03-19,9,20.243449918958532,10.774697103237818,738.7348551618909,50.04102489155581
2025-03-19,20,19.496251971884494,8.785559016342784,639.2779508171392,48.22772674444374
2025-03-19,1,56.72158951126834,28.14875156304592,1607.437578152296,149.85134905979604
2025-03-19,17,27.612577071508866,19.501719525995167,1175.0859762997584,90.8449361267091
2025-03-19,17,69.14961466160598,23.238990964830695,1361.9495482415348,115.42093656131952
2025-03-19,14,165.62725338153493,75.46826416865606,3973.413208432803,350.14247295850686
2025-03-19,15,150.89789577358061,68.50624354089004,3625.312177044502,329.05507303504197
2025-03-19,3,17.764790241243098,8.259376008437767,612.9688004218883,40.642417013116884
2025-03-19,2,20.388745029441818,9.658458251604799,682.9229125802399,45.02018729705664
2025-03-19,18,175.23989971576717,99.09132176613403,5154.566088306701,452.6937937678598
2025-03-19,12,34.19915005214182,21.610086278113478,1280.5043139056738,111.54646214715704
2025-03-20,17,121.958923068046,53.69498296843561,2884.7491484217803,292.1105437994503
2025-03-20,12,149.42071577714822,76.21678050614109,4010.8390253070547,362.4364286319821
2025-03-20,1,88.27901567189483,52.14910673191582,2807.455336595791,262.7158799560522
2025-03-20,5,26.567843040807396,10.783523647889478,739.1761823944739,50.21684993157595
2025-03-20,16,21.91601075818249,8.99163514505235,649.5817572526175,48.3689746241366
2025-03-21,3,53.17780500217992,29.097899701804334,1654.8949850902168,158.81977038414965
2025-03-21,13,153.02225095197554,52.810474462137776,2840.5237231068886,257.6948765240943
2025-03-21,16,81.52975447533076,48.22033060228758,2611.0165301143793,249.65777546749857
2025-03-21,7,135.69691656711794,70.85390642175744,3742.6953210878723,377.8589030211059
2025-03-21,6,170.62384578861202,59.31847710182748,3165.923855091374,312.49734071877856
2025-03-21,6,56.44292914548621,34.47580287102633,1923.7901435513165,172.86496605390877
2025-03-21,5,163.76119587236616,76.53284070851058,4026.642035425529,387.2106695269659
2025-03-21,10,16.052542162087462,12.55801115647255,827.9005578236274,61.4734148383229
2025-03-21,9,49.79622756733004,34.778171078174026,1938.9085539087014,171.82411138150982
2025-03-21,1,81.03502551519588,43.659787797071296,2382.9893898535647,239.7067433190363
2025-03-21,3,179.6077656714786,70.16123562644474,3708.0617813222366,345.9639234128727
2025-03-21,9,47.68576025884778,19.562481006845598,1178.12405034228,96.24444670504265
2025-03-21,20,105.16565938514051,42.92802628283379,2346.4013141416895,200.5140806485673
2025-03-22,16,87.97162562572726,57.42812234255491,3071.4061171277453,298.0752548054061
2025-03-22,9,23.6445637731521,8.538672751405104,626.9336375702552,39.07986098548639
2025-03-22,11,18.911779351345533,13.763741351662974,888.1870675831487,63.80126611054159
2025-03-22,2,167.8665266627705,65.1572762373376,3457.86381186688,295.7744076574375
2025-03-22,17,16.598335652259678,11.23014109046012,761.507054523006,61.16783876031586
2025-03-22,12,66.76157448859077,29.966229216075938,1698.311460803797,145.75911834880782
2025-03-22,4,175.67706820392968,82.2970071186982,4314.85035593491,428.7212273272053
2025-03-22,8,164.20014308224825,76.74408914496124,4037.2044572480618,349.22958794054955
2025-03-22,12,82.73180601999151,28.511370322418944,1625.5685161209472,137.3550826751248
2025-03-22,4,149.85537651518408,80.81963026280077,4240.981513140039,400.06190901761016
2025-03-22,15,158.66359515047748,50.683711407212044,2734.185570360602,266.2145893977527
2025-03-23,13,158.65459044477595,101.49580556226819,5274.79027811341,505.8947986200272
2025-03-23,15,102.44019684348844,40.7989536128595,2239.947680642975,216.4560874992753
2025-03-23,20,105.32344866265477,57.13742112649,3056.8710563245,280.4142227576154
2025-03-23,16,43.26366804057561,27.247007132930424,1562.3503566465213,131.8082816037189
2025-03-23,2,46.91683158781962,23.20517759942905,1360.2588799714524,124.9850847208354
2025-03-23,20,66.46546441355636,20.99361591090856,1249.680795545428,108.07733976402405
2025-03-23,20,125.9433341431311,81.9679375854041,4298.396879270205,436.4260251429531
2025-03-23,18,22.473616196157778,12.582799348304809,829.1399674152404,57.654684640196095
2025-03-23,4,59.656250426991335,25.737043703542835,1486.8521851771418,119.83686170211188
2025-03-23,7,34.35122438707343,12.592725317334086,829.6362658667043,66.25883901800181
2025-03-23,19,177.55380158996132,101.89136454222648,5294.568227111324,503.9997170407235
2025-03-23,2,69.49697013784393,41.317888848011755,2265.8944424005876,194.25722693823786
2025-03-23,11,61.02478255212367,19.28996849891744,1164.498424945872,98.44041611862919
2025-03-24,15,150.03277008862332,60.1313579064439,3206.567895322195,330.2391775630638
2025-03-24,1,122.59535521047235,81.26227321555798,4263.113660777899,414.63829745676605
2025-03-24,4,31.969027705983656,14.298216584913952,914.9108292456976,73.9766691429171
2025-03-24,13,37.288224127250515,16.54674040927609,1027.3370204638045,90.07926811340091
2025-03-24,17,127.61785582372406,65.11310898550545,3455.6554492752725,310.9751749055494
2025-03-24,10,129.23846051547835,55.794929305359766,2989.7464652679882,292.76036097415385
2025-03-24,10,56.428217104752676,27.471451896569544,1573.5725948284771,126.97325432766533
2025-03-24,18,22.42447550384502,12.139716085013125,806.9858042506563,60.43792093200621
2025-03-24,2,82.87680428307725,25.24025057601841,1462.0125288009206,129.2990464389298
2025-03-24,2,153.93258414861276,84.52275318635127,4426.137659317564,437.2232815345769
2025-03-24,4,43.816785672894376,20.16819726218898,1208.409863109449,110.2253034277566
2025-03-24,15,161.9134129411189,87.28204967863606,4564.102483931802,436.4345595170213
2025-03-25,10,105.20489416889608,54.9056130141068,2945.28065070534,291.011078620827
2025-03-25,12,39.863435355137575,29.440254855458047,1672.0127427729024,153.87946727446456
2025-03-25,16,179.0785191472141,88.47119504458944,4623.559752229472,472.2177314780529
2025-03-25,20,171.07756626529428,59.14925360142235,3157.4626800711176,282.25755040830774
2025-03-25,5,124.2027065438097,70.16571816564918,3708.285908282459,316.8854646036956
2025-03-26,6,127.96332205371944,92.1075890195669,4805.379450978345,426.2158457020271
2025-03-26,14,37.205084072177776,15.372481825820875,968.6240912910438,83.29421774072127
2025-03-26,2,67.51323682864478,45.10016829356515,2455.0084146782574,215.9509519621771
2025-03-26,14,34.50607267802962,12.478409712954761,823.920485647738,60.60259689432522
2025-03-26,19,39.455881246388564,16.174595376583873,1008.7297688291936,87.2523082840579
2025-03-26,20,108.34791685119272,45.617900573198,2480.8950286599,230.31897746749397
2025-03-26,2,115.17732134579019,47.77804717215881,2588.90235860794,219.53846767429306
2025-03-26,20,37.77255535830854,15.406366064355803,970.3183032177901,84.37749896698575
2025-03-26,11,102.75884147332773,76.89859795828954,4044.929897914477,390.8536149769457
2025-03-26,1,67.80450723279466,30.94494837801569,1747.2474189007846,154.38545452296782
2025-03-26,20,127.56162872709129,47.71964559488533,2585.9822797442666,244.91613041105026
2025-03-26,3,124.99181900509643,48.00074444589026,2600.037222294513,228.32722896101527
2025-03-27,7,159.02180455833465,86.83145667939601,4541.572833969801,444.50522560526383
2025-03-27,13,126.16078603445581,68.60718106407128,3630.359053203564,342.4907862347683
2025-03-27,13,155.2432895330289,52.631197509299156,2831.5598754649577,287.54949220361675
2025-03-27,16,61.57330761813392,24.27478674992972,1413.739337496486,127.96483115469559
2025-03-27,19,152.3488352626917,99.28359970335474,5164.179985167737,453.39780728921795
2025-03-27,11,120.2327334045226,59.56829007850151,3178.4145039250757,297.7300543273142
2025-03-27,6,56.63146796649837,25.80914673117056,1490.4573365585281,139.31610403385366
2025-03-27,8,104.88741745216015,45.958418358274606,2497.92091791373,210.24314685338936
2025-03-27,7,91.9199625360469,39.401749357870145,2170.087467893507,199.23355227775204
2025-03-27,11,170.36018070109907,94.94224586356657,4947.112293178328,514.9769683545171
2025-03-27,13,141.4770071765685,74.85476748553472,3942.738374276736,387.4230431282183
2025-03-27,11,168.55600859807336,86.91140695478612,4545.570347739305,423.2606832975649
2025-03-28,9,56.39505148196554,21.77483962667654,1288.741981333827,119.09360532917188
2025-03-28,19,27.659266430726063,8.863342944465508,643.1671472232754,44.3105364938017
2025-03-28,3,89.53701353693823,38.826860289242596,2141.3430144621298,179.19163588298238
2025-03-28,19,15.030777148159414,8.463051671348824,623.1525835674412,41.95509673959628
2025-03-28,6,90.13821735430025,46.43366700178848,2521.683350089424,215.23655070247986
2025-03-28,17,39.986331871043944,20.49406880025231,1224.7034400126156,104.14546047701332
2025-03-28,6,158.24793372887316,59.19725190419304,3159.8625952096518,306.3825584249967
2025-03-29,4,136.17033662121602,45.18054467486425,2459.0272337432125,228.2686540034229
2025-03-29,18,158.86565511128342,78.34788482478072,4117.394241239036,415.4797641182679
2025-03-29,18,102.4451062685344,59.44118730881066,3172.059365440533,276.3040574876725
2025-03-29,16,107.12813198557875,63.34335813574252,3367.167906787126,323.9632713201666
2025-03-29,7,170.02881718915233,102.92117698708317,5346.058849354158,548.40917951653
2025-03-30,11,145.58260883365097,87.75459110224791,4587.729555112396,421.83388706509186
2025-03-30,7,126.9510428273459,66.91319525224843,3545.659762612421,322.9019893863132
2025-03-30,6,134.14090059362456,44.75524460250648,2437.762230125324,224.50498605106011
2025-03-30,5,16.731450788090832,9.08576266503978,654.288133251989,48.02666252476904
2025-03-30,7,177.11600992224638,72.18766649998248,3809.3833249991244,345.08121087545766
2025-03-30,15,115.71228672752406,33.44065283636259,1872.0326418181294,154.73311900958342
2025-03-30,7,163.89654055826134,66.9935971761262,3549.67985880631,331.12103572526996
2025-03-30,11,151.34623380678082,75.40530425650475,3970.2652128252375,399.6317770895967
2025-03-30,2,151.27883091075267,91.62742543020427,4781.371271510214,467.1682004622594
2025-03-30,16,157.9382519370599,59.23154392652808,3161.577196326404,267.3907893497446
2025-03-30,17,109.31526216468573,35.56794878182163,1978.3974390910814,181.5515908476289
2025-03-30,10,61.7550713670345,38.47004022922801,2123.502011461401,187.49559401765129
2025-03-31,7,87.90256129232252,29.785220845930144,1689.2610422965072,140.0588637581581
2025-03-31,15,113.67150435924368,59.930631890332066,3196.5315945166035,326.76669461689715
2025-03-31,3,78.15937656650169,41.117775412693035,2255.888770634652,205.82311449485138
2025-03-31,3,26.74068701485511,14.399213790451139,919.9606895225569,77.4394543236583
2025-03-31,14,173.36551836680027,50.85781156026799,2742.8905780133996,231.10124530519326
2025-03-31,9,163.95602501414393,81.711845533246,4285.592276662301,394.7002019612734
2025-03-31,16,153.95728714731288,55.287237626896925,2964.361881344846,258.1851563078362
2025-04-01,17,146.41992423938083,91.93399047865738,4796.699523932869,428.9708810471319
2025-04-01,11,128.96984199368842,60.85276404661214,3242.638202330607,330.3119523894762
2025-04-01,11,106.53074754158845,30.652802017042152,1732.6401008521077,158.48829997599418
2025-04-01,19,69.63917071208472,39.57815002228666,2178.907501114333,203.94513536405327
2025-04-01,1,18.666049534220768,10.103214306691335,705.1607153345667,55.24238284517622
2025-04-01,6,135.22828689903943,56.75727672415549,3037.8638362077745,268.8549059428882
2025-04-01,20,44.54022017786133,28.582505637334357,1629.1252818667178,144.25387304908043
2025-04-02,18,69.77776778639596,40.39602757301454,2219.801378650727,207.1405451675917
2025-04-02,11,154.21958225790345,73.2123362892257,3860.6168144612852,399.8576531480148
2025-04-02,13,52.068470610891495,23.40952447365344,1370.476223682672,128.2425408119466
2025-04-02,19,70.14179783856314,39.17396294089201,2158.698147044601,198.93947716084446
2025-04-02,19,101.11091414606062,31.404924018116404,1770.2462009058202,171.38285599121713
2025-04-03,3,38.097917159090876,18.32935902595459,1116.4679512977295,89.86407222664829
2025-04-03,16,119.41243075914863,84.3257318352435,4416.286591762175,380.40000031378617
2025-04-03,8,36.04907880427619,15.945795337962434,997.2897668981217,76.58494245270387
2025-04-03,11,130.61971101190352,81.3255288954047,4266.276444770236,394.41697285920526
2025-04-03,15,41.64054262059961,20.864944045207025,1243.2472022603513,105.79125326977449
2025-04-03,18,26.410338673552705,14.508678030504248,925.4339015252124,72.15205488284629
2025-04-03,16,108.04233197414139,48.961523866502525,2648.076193325126,248.10718265319636
2025-04-03,8,115.66780713597872,48.95916023424898,2647.9580117124488,233.11086615127076
2025-04-03,17,129.51287332744744,47.364641006548126,2568.2320503274063,232.82155895957357
2025-04-04,11,62.12828811277011,29.08228473382686,1654.114236691343,147.87841023087665
2025-04-04,8,36.21842018349116,15.663509306416001,983.1754653208001,70.97027802743577
2025-04-04,17,74.67177064877235,25.250610292250222,1462.530514612511,129.8408224861935
2025-04-04,13,96.59598564486731,37.389762177171555,2069.488108858578,180.07199922568287
2025-04-04,19,148.38515558016377,73.20202455407419,3860.1012277037094,348.13006721362234
2025-04-04,10,44.82954984279262,16.674410809661918,1033.7205404830959,79.15104413286194
2025-04-04,2,86.93920479414666,47.851752960160894,2592.5876480080447,218.55698973201973
2025-04-04,9,28.45986272587538,8.964820860796944,648.2410430398472,44.98616583552783
2025-04-04,20,110.53131168143396,35.294242581960965,1964.7121290980483,180.17144116188211
2025-04-04,4,122.1475053390427,76.06713013175772,4003.356506587886,413.2539247891901
2025-04-04,16,69.90884337853126,39.297336680870266,2164.8668340435133,202.8751696012404
2025-04-04,15,124.39948861431932,81.6489807665532,4282.44903832766,448.82031725696123
2025-04-04,10,49.38592964702472,19.68337421616132,1184.168710808066,94.8688089410068
2025-04-04,9,37.708906175729624,14.610551666853945,930.5275833426973,66.10716482568894
2025-04-05,4,97.5096127665293,48.75736851821301,2637.868425910651,256.36821449090377
2025-04-05,20,99.5154267667135,65.37046623990332,3468.5233119951663,334.72105607272516
2025-04-05,7,28.814614744482487,12.640576269261853,832.0288134630927,68.0857870083349
2025-04-05,18,69.21209473115674,21.23729665017574,1261.864832508787,116.06627834919553
2025-04-05,7,119.28316938970201,64.9797249733874,3448.98624866937,301.97553718407516
2025-04-05,11,121.46106501436955,63.09030139167486,3354.5150695837433,309.4784554274425
2025-04-05,19,101.36218553613286,73.02732975999895,3851.3664879999474,388.8859668506733
2025-04-05,15,138.96102252167154,100.03496852487287,5201.748426243644,468.4450899303747
2025-04-05,6,120.85881350302408,46.07553676347678,2503.7768381738388,248.95755670849692
2025-04-05,8,149.0444694907149,55.92587155881493,2996.2935779407467,278.8266462282931
2025-04-05,17,64.9069423811425,45.96043086987216,2498.021543493608,241.96562605917077
2025-04-06,6,128.90326973862028,89.67552612626069,4683.776306313034,433.27778298425096
2025-04-06,17,125.44390239972347,46.20457017589681,2510.2285087948408,222.0613435606873
2025-04-06,3,44.22597879271191,14.494197810574745,924.7098905287372,66.44510425448705
2025-04-06,7,139.0511490828524,98.95881087432741,5147.9405437163705,476.2807953067377
2025-04-06,7,36.72833906697416,22.894900032787483,1344.745001639374,118.54345600474464
2025-04-06,4,118.1216584820458,59.53195203857435,3176.5976019287177,319.0721880011285
2025-04-06,1,93.45349301340106,54.914953838970824,2945.747691948541,256.35830319535694
2025-04-06,11,126.64636474527484,66.35336172078516,3517.668086039258,336.9309561496191
2025-04-06,17,91.04822580408602,62.81655958322915,3340.8279791614577,327.23588331833946
2025-04-06,3,153.41088721417137,92.18485556595668,4809.242778297834,448.2933707623567
2025-04-06,17,65.1999075314873,25.868910701617178,1493.445535080859,124.33377129357733
2025-04-06,18,22.787455780067535,15.966270884395165,998.3135442197582,81.9289388687322
2025-04-06,8,129.70593192466083,80.7015726564694,4235.07863282347,373.8329223730478
2025-04-06,8,79.86509670416807,24.393096261924605,1419.6548130962303,123.04505479173247
2025-04-07,1,24.26673163404666,10.268735168332466,713.4367584166233,47.9713859067365
2025-04-07,18,87.70970576500844,55.08362698494073,2954.1813492470365,275.8454647896923
2025-04-07,6,25.416435019314466,11.710472517717463,785.5236258858731,57.98167161199521
2025-04-07,20,84.66171859031188,44.24407207098587,2412.203603549294,235.3896712792995
2025-04-07,17,37.66468808483125,13.120149998309705,856.0074999154853,71.25322647830185
2025-04-07,7,67.9409995537242,43.31322351472026,2365.6611757360133,213.76211822253222
2025-04-07,20,15.271219923554199,7.204828328646401,560.24141643232,35.87071380063946
2025-04-07,10,51.23976321810389,19.9197199877906,1195.98599938953,106.44858152023941
2025-04-07,2,42.68940828159472,13.185159080393317,859.2579540196658,68.87965589458902
2025-04-07,1,53.253813132929864,27.947117360938424,1597.3558680469212,132.53011149932792
2025-04-07,11,137.76471575736664,70.22750644592034,3711.375322296017,368.6507987340746
2025-04-07,6,32.824777986110576,14.837115730060102,941.8557865030051,70.8399080687688
2025-04-07,17,79.64879761183333,44.81427038692433,2440.7135193462163,221.56997203839182
2025-04-08,7,149.48689661150812,103.77418754791104,5388.709377395552,536.6773163562221
2025-04-08,2,91.02104403987619,59.93738936935611,3196.8694684678057,328.8702187078797
2025-04-08,8,61.10847570761893,41.92197195375249,2296.0985976876245,205.36075325386022
2025-04-08,18,31.06553747555148,16.57835736201074,1028.917868100537,74.71836256169588
2025-04-08,12,172.41697373788415,52.05294712756022,2802.647356378011,281.3011717779316
2025-04-08,6,178.66171733133612,99.34010499730745,5167.005249865372,500.4341856491212
2025-04-08,7,45.87550461773279,21.80203220608066,1290.101610304033,107.2091994143531
2025-04-08,11,164.37433483673504,76.24388615126645,4012.1943075633226,351.24038839753035
2025-04-08,16,131.96835360759715,81.20223995374016,4260.111997687009,420.1418133925071
2025-04-08,15,144.22163610241003,56.87480389084672,3043.740194542336,262.98033599036415
2025-04-08,12,18.425075300454093,8.83674356905767,641.8371784528836,47.40605719476591
2025-04-09,6,27.846325735446985,16.313551432114284,1015.6775716057142,87.43484999930168
2025-04-09,12,87.61172738597224,38.3212595545945,2116.062977729725,176.87401054216133
2025-04-09,4,169.24126038630925,121.47537031584125,6273.768515792062,654.5325395327194
2025-04-09,12,114.9778222433508,66.35443822105265,3517.721911052632,361.79868847037903
2025-04-09,14,104.85162856802145,43.63956297377409,2381.9781486887046,203.69056392625984
2025-04-09,17,98.05194655001542,64.33898955932041,3416.9494779660204,331.05848123422106
2025-04-09,15,105.26248202657032,36.28405152061553,2014.2025760307763,178.2822869324369
2025-04-09,13,172.68216209897074,105.8100240638465,5490.501203192325,480.70553185228584
2025-04-09,13,155.73285333600592,62.69531474821192,3334.765737410596,313.70783226387675
2025-04-09,1,98.84338357975706,52.908099021076296,2845.404951053815,263.38492527014716
2025-04-09,3,118.56536473120343,40.44014138551331,2222.0070692756653,219.916082667625
2025-04-09,7,161.4323751351256,98.25103861215365,5112.551930607682,448.91262450883573
2025-04-09,1,107.70752531857055,70.24037729611769,3712.0188648058843,359.5722948698613
2025-04-10,2,128.65373309234786,59.68144117249351,3184.0720586246753,293.99063117400397
2025-04-10,19,54.184745352948354,24.819235558805314,1440.9617779402656,126.60156755336595
2025-04-10,9,101.80361553887148,64.77997621211453,3438.9988106057267,304.02279370434553
2025-04-10,18,92.96504806523157,43.0043370271976,2350.21685135988,211.2849263826759
2025-04-10,1,155.85300057528346,84.62521501517342,4431.260750758671,388.18188706189045
2025-04-10,9,28.295834027274744,9.94562738406977,697.2813692034886,45.64803777506548
2025-04-10,5,155.072438463552,64.87494397575986,3443.747198787993,344.63686332449055
2025-04-10,4,167.79982737001382,77.08480763523362,4054.240381761681,362.7452543211936
2025-04-10,11,54.63620647938362,24.00509033845663,1400.2545169228315,109.9662082717475
2025-04-10,17,47.25057006078598,21.428418803465238,1271.420940173262,103.45293884032581
2025-04-10,9,161.8890425963022,48.22330822867679,2611.16541143384,241.2133830819447
2025-04-10,15,160.34770148988414,50.649057059326594,2732.45285296633,251.47440859358463
2025-04-11,5,158.9832711051729,57.32001368445454,3066.0006842227267,297.57203945835096
2025-04-11,14,173.65587080269844,83.26932457939226,4363.466228969613,403.9936079656052
2025-04-11,10,106.33715788928907,44.778561155743304,2438.928057787165,215.48302856130036
2025-04-11,3,86.5595646678627,50.41703177180421,2720.8515885902107,266.90449582111256
2025-04-11,7,70.97134923464432,29.83280296216918,1691.640148108459,156.46783304932796
2025-04-11,1,23.4584707640397,11.72384122741849,786.1920613709244,58.03712194298389
2025-04-12,7,73.90210086232953,35.219149435418096,1960.9574717709047,184.87832663091527
2025-04-12,11,33.619125885297535,17.78067475483281,1089.0337377416404,80.490761414746
2025-04-12,20,50.64518766485691,36.068741152109254,2003.4370576054628,196.83198370703698
2025-04-12,14,147.92436609708932,75.92960360841015,3996.480180420507,382.35373154644896
2025-04-12,14,56.608524786762445,23.187237640373414,1359.3618820186707,109.11867742273212
2025-04-13,4,23.874024089267355,7.67164312387377,583.5821561936884,37.082121334767535
2025-04-13,17,153.4514503019359,68.31241259911798,3615.620629955899,357.1452471835389
2025-04-13,3,96.23978008073827,62.32371333138495,3316.1856665692476,306.5261652880892
2025-04-13,19,71.3707835939493,32.44754864095257,1822.3774320476284,175.13231202078663
2025-04-13,18,69.09406825116001,43.446884010773736,2372.344200538687,212.61321484049643
2025-04-13,7,106.65705122798919,49.71213678012424,2685.606839006212,266.029814505124
2025-04-13,5,143.17174213942408,76.95026885180546,4047.513442590273,379.3914911986076
2025-04-13,5,131.58968128404592,70.9906647955126,3749.53323977563,333.40673198768206
2025-04-13,17,100.48273225759758,66.42982560469852,3521.4912802349263,345.7230874274091
2025-04-13,10,125.04302883068232,70.67261522115588,3733.630761057794,368.8577078051604
2025-04-13,12,46.823643833786356,17.27478701361822,1063.739350680911,91.93022468074838
2025-04-14,17,35.01499467091313,15.4030499913283,970.152499566415,78.00746187848374
2025-04-14,4,43.80732545578576,27.04466215279308,1552.233107639654,145.99669459765784
2025-04-14,18,135.05913772044863,95.63338160852,4981.669080426,486.93811192866366
2025-04-14,8,69.18360743673988,27.777261160922766,1588.8630580461383,131.9091863194918
2025-04-14,2,102.22833965823048,45.8238940909373,2491.194704546865,215.26030430806765
2025-04-14,20,57.484031063714596,32.44377827449031,1822.1889137245157,162.43580368850846
2025-04-14,16,87.22327611403432,37.984639237773656,2099.231961888683,184.11163509527879
2025-04-14,7,162.41178029951786,68.75860414063266,3637.9302070316326,359.242821501835
2025-04-14,6,21.057635674705995,9.673982639732477,683.6991319866238,52.43817005052904
2025-04-14,6,106.2144544935276,61.25855372097961,3262.927686048981,280.8951578555658
2025-04-14,8,70.64903784894734,25.34963491606273,1467.4817458031364,125.67272474142683
2025-04-15,1,85.8096661731231,25.901968166158138,1495.098408307907,138.25104329090937
2025-04-15,16,33.849127867580314,16.022415749483216,1001.1207874741608,78.15724851036892
2025-04-15,10,110.17330674031221,33.48135171397059,1874.0675856985295,152.43202152599568
2025-04-15,7,87.25348137858053,48.53464753653694,2626.732376826847,238.873587167747
2025-04-15,2,116.75759676171803,67.96538592869354,3598.269296434677,350.2791055343617
2025-04-15,8,32.59289712453865,12.4704152487975,823.520762439875,65.67663837819227
2025-04-15,11,158.31190966116102,83.11619770370275,4355.809885185137,397.67779130884765
2025-04-15,4,154.94994721619128,79.72947117966586,4186.473558983293,374.8452321958766
2025-04-15,16,67.47653592959578,35.60507569540744,1980.2537847703722,177.51388658462656
2025-04-15,16,115.70989628999591,53.674277295383945,2883.7138647691972,259.9593116179815
2025-04-15,8,107.2709917417956,45.48750573165874,2474.375286582937,205.4228566510847
2025-04-15,18,77.20271760232887,34.32151159006605,1916.0755795033026,177.8923170300805
2025-04-16,12,35.809028191942744,20.891421240879637,1244.5710620439818,102.50201464878556
2025-04-16,5,103.66118197912489,44.79830286697903,2439.9151433489515,213.75736243611266
2025-04-16,14,66.0991323323562,30.8093607273259,1740.4680363662949,162.0695632431095
2025-04-16,3,64.65944273921758,28.13773331108186,1606.886665554093,139.9615297283443
2025-04-16,11,129.806169545223,100.79706772627304,5239.853386313652,498.97338692587994
2025-04-16,13,39.413125128051966,23.039835532001916,1351.9917766000958,106.68257457128712
2025-04-16,16,71.40785185169491,53.66937897405024,2883.468948702512,284.9076838076327
2025-04-16,10,20.681165914596903,11.229575601809836,761.4787800904918,60.473947122252234
2025-04-16,9,103.82991184666876,63.24958789566045,3362.479394783022,337.09284250063723
2025-04-17,5,176.1993151108927,68.18614175829137,3609.3070879145685,340.12048992359274
2025-04-17,14,31.372883355616715,15.708170906581943,985.4085453290971,74.0664703556013
2025-04-17,9,141.27718942168875,80.13154496509381,4206.577248254691,424.5367677841479
2025-04-17,6,66.20067410563009,27.69130516944634,1584.565258472317,130.24572141805834
2025-04-17,4,166.55606445713545,54.37988204480151,2918.994102240076,266.7413997612605
2025-04-17,2,147.30362779471298,80.84877262848514,4242.4386314242565,378.4254173092818
2025-04-17,3,104.52459894938268,52.404979236943994,2820.2489618471996,266.9015038878285
2025-04-18,9,37.00183710720111,14.048515028183541,902.425751409177,76.20349447025764
2025-04-18,20,64.48835058305593,27.483479718972276,1574.1739859486138,133.42672284999293
2025-04-18,16,172.40096006147306,110.52005213581798,5726.002606790898,571.8349348605027
2025-04-18,17,70.92588793249404,35.2780974458959,1963.904872294795,168.71093346014183
2025-04-18,4,98.26515251627676,35.52629128688705,1976.3145643443527,183.36336344363224
2025-04-18,15,75.76126772019695,48.39341621955887,2619.670810977944,242.06122589805528
2025-04-18,17,133.3482095178498,78.69897013468905,4134.948506734452,422.17010059535204
2025-04-18,4,169.91470089847505,72.62361067198583,3831.1805335992913,381.7770676628066
2025-04-18,17,28.73180592433193,17.703324462656603,1085.16622313283,80.88213279542714
2025-04-18,4,159.8286518023331,72.5206127699428,3826.03063849714,366.78668308437904
2025-04-18,15,150.74598208333904,63.30410551865282,3365.2052759326407,316.69462601311557
2025-04-18,5,156.54653428038569,59.72209122623601,3186.1045613118004,276.45781530195217
2025-04-19,4,133.0378678344781,77.05462764060414,4052.731382030207,347.4811838997566
2025-04-19,4,77.01565675502657,37.522970378050715,2076.1485189025357,185.99125520883317
2025-04-19,9,44.5620465178749,27.64556097762007,1582.2780488810035,144.02428680021424
2025-04-19,19,101.05591234530957,44.876198781848956,2443.8099390924476,230.48015244782835
2025-04-19,17,18.6047074777233,9.395430331133086,669.7715165566543,46.673872951890495
2025-04-19,8,85.67804709385963,32.65993360937695,1832.9966804688474,147.31306245774712
2025-04-19,14,115.56847201582222,67.47736577793785,3573.8682888968924,370.22722687836216
2025-04-19,12,79.2194220728674,57.6937211985956,3084.6860599297797,278.9962411092348
2025-04-19,16,173.739652325323,85.73964195245273,4486.9820976226365,409.72353964793285
2025-04-19,5,38.56436023802311,18.541952246046172,1127.0976123023086,88.61214350308762
2025-04-20,1,179.800834409583,65.21435571897516,3460.717785948758,298.84949082198426
2025-04-20,3,135.45028397834216,50.6091264152705,2730.456320763525,231.50307848686214
2025-04-20,12,29.349558342228956,15.129022865253823,956.4511432626912,82.37310247193926
2025-04-20,19,57.68730632357969,28.953648012788936,1647.6824006394468,148.39370367363034
2025-04-20,19,171.48097621017163,53.932904429773174,2896.6452214886585,294.5139084626048
2025-04-20,20,145.0531534280065,50.189620171554964,2709.481008577748,260.4007341970109
2025-04-20,19,135.97146239257194,82.75312141610826,4337.656070805413,416.92843981099924
2025-04-21,17,160.63155049034555,48.29798227927538,2614.899113963769,223.58216906416243
2025-04-21,12,154.42701913070303,49.53619919658106,2676.809959829053,228.05259128591584
2025-04-21,5,100.00255968378715,69.29930144772106,3664.965072386053,337.5550756528498
2025-04-21,11,43.12631441097094,18.684629713520707,1134.2314856760354,92.14898939060302
2025-04-21,15,20.344207733039184,9.10913861251265,655.4569306256325,48.247872293112806
2025-04-22,13,148.64649270777295,54.5915237816916,2929.57618908458,273.20344039408474
2025-04-22,15,38.684884730721706,13.341833607938876,867.0916803969437,66.88078243606118
2025-04-22,16,174.54980491202204,104.70710671948211,5435.355335974105,485.78341100206023
2025-04-22,18,158.216638410599,90.77213192997088,4738.606596498544,442.24578150601576
2025-04-22,18,36.683043171119294,15.93876192317524,996.938096158762,83.17113659131101
2025-04-22,8,174.51114754329282,102.40717141266234,5320.358570633117,496.47528762205883
2025-04-22,4,153.1791831887712,78.06283470882386,4103.141735441193,363.82227134023054
2025-04-23,14,128.48191905034625,59.69833309269223,3184.9166546346114,271.7263570288331
2025-04-23,4,150.58914880258942,62.82753428425216,3341.376714212608,285.73421445815086
2025-04-23,10,67.92104108140926,24.935927497646503,1446.7963748823252,136.52181600335106
2025-04-23,18,143.59525310529477,76.98528111764392,4049.264055882196,406.9697285716872
2025-04-23,7,127.41154823785158,76.0074234919356,4000.37117459678,348.7660170866851
2025-04-23,2,25.575627320968955,14.911485393808317,945.5742696904158,70.24755871465015
2025-04-23,12,128.38634941733164,75.09860242845991,3954.9301214229954,361.19941031080657
2025-04-23,3,37.07339392400472,20.012477792310232,1200.6238896155116,94.04050271045885
2025-04-23,16,51.31486089779995,24.68985191738197,1434.4925958690985,113.3157055054172
2025-04-24,17,59.73847180779703,38.17158987122087,2108.5794935610434,172.05431505079395
2025-04-24,13,75.50201515099194,41.67716528549727,2283.8582642748634,227.33503133289017
2025-04-24,3,88.32527704442829,41.6954973436856,2284.77486718428,202.58430195593758
2025-04-24,12,86.31812481824386,34.50288653105397,1925.1443265526984,155.69760159352296
2025-04-24,6,128.39366667101268,46.31805419809828,2515.902709904914,240.9263818871426
2025-04-24,13,82.51512693065061,39.392944542782736,2169.6472271391367,207.45291585713028
2025-04-24,15,37.61371246664565,26.300306916302667,1515.0153458151333,144.2284204707608
2025-04-25,5,129.3318378220901,76.257756770559,4012.88783852795,393.66678382300114
2025-04-25,12,102.69407563650044,47.84764366176831,2592.3821830884153,235.94680210096413
2025-04-25,13,15.342625404013399,6.494671089005749,524.7335544502874,33.91657591659612
2025-04-25,10,119.23419902388636,49.52516773196734,2676.258386598367,234.39561388096547
2025-04-25,7,63.913406477785266,34.937278414766936,1946.863920738347,180.01348698294845
2025-04-26,2,57.58776112361343,23.980288879781,1399.01444398905,130.15891064514696
2025-04-26,11,41.986376097480914,19.13597539803913,1156.7987699019563,91.88712773526198
2025-04-26,20,33.804371374674794,21.00093905454433,1250.0469527272164,106.6291893373976
2025-04-26,20,58.81700367204825,31.9063027355558,1795.31513677779,169.86106394127995
2025-04-26,5,86.77740806613686,38.070526462399144,2103.526323119957,176.3965992128487
2025-04-26,16,179.84316718710141,61.5450388338234,3277.25194169117,312.9586869301478
2025-04-26,2,159.7260477132528,80.29836806208274,4214.918403104137,369.9114412062276
2025-04-26,7,151.65066843836973,68.23302902790162,3611.651451395081,314.7178202435081
2025-04-26,7,37.38414208146233,14.98001379419967,949.0006897099835,81.53595718697694
2025-04-27,2,174.9659984020194,85.03329493202288,4451.6647466011445,431.3034943722964
2025-04-27,19,87.06503994476738,47.400969469136754,2570.0484734568377,241.88206973265548
2025-04-27,11,19.066326764993242,11.755105502752874,787.7552751376437,62.72969318008955
2025-04-27,6,175.97431666084765,70.53144098980688,3726.572049490344,362.9766554010126
2025-04-27,1,99.8474568588863,46.20966523751348,2510.4832618756736,243.42680327612368
2025-04-27,11,87.45655903280034,28.646831179370498,1632.3415589685249,152.58420405185572
2025-04-27,12,112.79485099607483,78.45339069545379,4122.669534772689,389.41298186304545
2025-04-27,6,168.21166292753244,85.08418364038688,4454.209182019345,427.5751020639155
2025-04-27,17,70.80810960735201,53.86468330409277,2893.2341652046384,278.0393001703298
2025-04-27,13,130.42315250656142,46.75201381350594,2537.600690675297,226.42242149828257
2025-04-27,15,123.15914535460858,44.35474201142284,2417.737100571142,238.17147565239313
2025-04-27,13,89.09123046104368,36.003890034388434,2000.1945017194216,186.16765536971278
2025-04-27,6,97.67163910245957,43.77442971305302,2388.7214856526507,238.03052941113828
2025-04-27,8,55.124696743597276,24.987036433507285,1449.3518216753641,114.98731234213858
2025-04-28,19,119.1231498895864,44.29316266768755,2414.6581333843774,222.08695274152714
2025-04-28,14,87.27727252438832,39.779554690024824,2188.9777345012412,182.64198742014452
2025-04-28,10,111.10178768656883,38.463952304449585,2123.1976152224793,180.17471671627362
2025-04-28,7,111.986744146328,55.439398457172096,2971.9699228586046,252.1940810960891
2025-04-28,6,48.47078439009776,32.82087764607668,1841.0438823038342,157.01699503838262
2025-04-28,13,19.390380402817883,11.77927502845907,788.9637514229535,59.84762226536994
2025-04-28,5,162.36376731820798,83.52614315277935,4376.3071576389675,433.82335797477964
2025-04-28,2,126.57229814882898,92.92997361407886,4846.498680703943,476.57716231770723
2025-04-28,20,71.64465991729726,33.026099084424665,1851.3049542212332,159.26257747020802
2025-04-28,2,26.68058694184378,16.59302717023871,1029.6513585119355,85.83293677792153
2025-04-28,20,155.39070495814573,70.36032624909319,3718.01631245466,338.7260134275772
2025-04-29,1,20.446969423553995,11.772111157723572,788.6055578861785,62.26183683101433
2025-04-29,11,50.92526844768403,22.54563457711004,1327.281728855502,112.35785149705195
2025-04-29,10,140.23117725591504,81.69834008974615,4284.917004487308,379.62069635680996
2025-04-29,17,56.807600806840185,36.94609393902478,2047.3046969512388,179.2172857370583
2025-04-29,1,139.54653062978466,59.64269462391138,3182.134731195569,292.5755491776218
2025-04-29,10,15.383362011768495,11.825859399286134,791.2929699643067,53.872054858581514
2025-04-29,7,56.63325280351796,32.76758302824654,1838.379151412327,176.80783998901757
2025-04-29,5,171.30449990431103,71.97330271203658,3798.665135601829,339.9361224901372
2025-04-29,20,89.72575446855943,62.309502282988376,3315.475114149419,299.1844880303531
2025-04-29,3,65.1162826271414,20.34480120152614,1217.240060076307,93.68090125938097
2025-04-29,19,146.27043208250177,47.42112191462791,2571.0560957313955,243.90717127428795
2025-04-30,20,153.60310726691526,66.02972986107733,3501.4864930538665,312.7728909360771
2025-04-30,18,73.42065278859053,41.12803486414122,2256.401743207061,212.92494720450236
2025-04-30,12,118.74111248489884,40.87209712529981,2243.6048562649903,202.54440682440915
2025-04-30,16,99.23584311430936,36.59405446953572,2029.702723476786,177.17922086388648
2025-04-30,2,129.1433104584271,85.9116446297047,4495.582231485235,471.2769808358003
2025-04-30,7,36.7481269329521,21.03496589195695,1251.7482945978475,99.3610303441561
2025-04-30,5,149.82267136251562,72.0203637919321,3801.0181895966048,339.77397800106274
2025-04-30,12,66.21119670283981,45.67622392906308,2483.811196453154,248.51295458863558
2025-04-30,17,172.2176742131464,74.6769931049036,3933.84965524518,371.44905887804714
2025-04-30,18,59.21954903592236,39.75752551111733,2187.8762755558664,207.5762138755852
2025-04-30,15,67.09398641213062,42.95676359391793,2347.8381796958965,206.17340617739194
2025-04-30,18,39.10593331431784,21.244793858506746,1262.2396929253373,109.45915014290563
2025-04-30,19,158.3112170796632,50.70506995246778,2735.253497623389,257.5613073937861
2025-05-01,20,150.24670545877575,88.57395365215939,4628.69768260797,422.0700123742006
2025-05-01,14,127.01641063614953,43.65028806568677,2382.5144032843386,230.0379447343814
2025-05-01,5,37.39806576148367,29.229456956140947,1661.4728478070474,136.3182648294373
2025-05-01,3,31.525574588616543,15.052833603895197,952.6416801947598,73.43247310194363
2025-05-01,9,71.46721158851925,49.649808435348355,2682.490421767418,244.08644922640661
2025-05-01,13,164.50665323227025,51.26689470396124,2763.344735198062,231.65106496924082
2025-05-01,9,123.56166515396828,79.30393190236586,4165.196595118293,376.1947130015557
2025-05-01,13,154.08600460527254,80.45969936141555,4222.9849680707775,420.95490753925816
2025-05-01,11,74.53304137737042,43.54894191658875,2377.447095829438,201.53630921095177
2025-05-01,3,179.37704135236538,99.31198420596817,5165.599210298408,489.81338831730835
2025-05-01,11,79.39876529010714,56.32649270953681,3016.3246354768403,293.7400021963676
2025-05-01,11,118.95308230210652,48.2047264949072,2610.23632474536,221.43127484831726
2025-05-01,14,121.21376804361607,50.56377570083322,2728.188785041661,244.99487002141097
2025-05-01,8,160.52596659820023,91.92768214756725,4796.384107378362,479.6209860194322
2025-05-02,19,82.11766851438087,41.368518415106806,2268.4259207553405,186.51488823541854
2025-05-02,8,119.29982011608247,57.65100199105973,3082.5500995529865,270.9383097476436
2025-05-02,7,138.1592719516251,60.73065325333576,3236.532662666788,289.63600836732
2025-05-02,16,149.1684307394847,69.84354662363197,3692.177331181598,330.8293573984094
2025-05-02,5,110.40603290184276,64.41535686887123,3420.7678434435616,291.7480949316553
2025-05-02,11,88.93410540170763,38.89045301023327,2144.5226505116634,199.38367677727717
2025-05-02,16,130.84362353594193,64.20580391086547,3410.2901955432735,297.31605888372553
2025-05-02,2,166.2647405145932,97.85321527973609,5092.660763986804,510.66650275343676
2025-05-02,9,96.24056303570607,37.6979427230092,2084.89713615046,178.90759726736948
2025-05-02,6,152.2345641653398,73.85864154725422,3892.932077362711,401.41381737313395
2025-05-02,14,104.58517334073908,37.41648133627064,2070.824066813532,172.08386467281738
2025-05-02,13,90.68634408514382,32.89596531541714,1844.7982657708571,149.70304414771795
2025-05-02,20,82.04481810902169,57.12353013910677,3056.1765069553385,280.98628193282264
2025-05-02,6,78.0388906143244,30.547159611919618,1727.357980595981,148.421187777798
2025-05-03,17,132.95824228275262,58.463587800612174,3123.179390030609,319.3405640562009
2025-05-03,3,55.499986318923526,35.29326378695131,1964.6631893475653,182.58686717308933
2025-05-03,18,31.57549569735979,12.864053934118344,843.2026967059172,63.12260607064974
2025-05-03,3,102.99587980569223,76.76423380709404,4038.211690354702,410.35411937050037
2025-05-03,16,61.411952986250625,25.816905808068444,1490.8452904034223,116.68341661537227
2025-05-03,10,32.10005986933127,16.754558486889994,1037.7279243444996,79.90009206286261
2025-05-03,2,127.24136357451172,66.4794462804381,3523.972314021905,309.7720387575186
2025-05-04,14,137.43370456016044,40.102486096954465,2205.124304847723,205.84947491979915
2025-05-04,18,75.83965065268958,50.302926774022076,2715.146338701104,246.5022805665178
2025-05-04,10,37.98488588680586,15.684641977013277,984.2320988506639,71.8461653164593
2025-05-04,17,164.78060520227947,70.15681920165453,3707.8409600827263,373.6225850286597
2025-05-04,12,50.822032862531906,31.015388193949352,1750.7694096974676,144.1549476284957
2025-05-04,11,45.17735375633033,22.443052759450122,1322.152637972506,122.64968093013346
2025-05-04,7,121.44976374464906,48.75158075054488,2637.579037527244,221.55585338089338
2025-05-04,2,130.72498745122283,36.23644668741272,2011.822334370636,184.7826355827468
2025-05-04,5,172.2972014131585,118.64845871592208,6132.422935796104,630.9897764277055
2025-05-04,20,127.93183457643573,70.90200952480765,3745.1004762403827,353.4671240201782
2025-05-04,3,121.96239742284064,54.762030553661916,2938.101527683096,280.00462770833474
2025-05-05,19,121.10506393410489,73.56775270610385,3878.3876353051924,350.64094044230654
2025-05-05,15,34.70906585410715,22.031087420947223,1301.5543710473612,103.690070903603
2025-05-05,8,139.3234748986693,53.580224740721796,2879.01123703609,270.379080512339
2025-05-05,18,58.01140102719794,20.068890819744674,1203.4445409872337,109.63823965097592
2025-05-05,16,159.33640032140892,65.23468943304105,3461.734471652053,300.1556102254467
2025-05-06,13,173.5368538182311,118.73550045364753,6136.775022682376,545.7844201663627
2025-05-06,5,53.88761820502101,35.38266697763292,1969.133348881646,163.708587230015
2025-05-06,7,83.95085944190559,26.763802571572313,1538.1901285786157,132.51521895753478
2025-05-06,18,89.78913102457852,57.26920391321832,3063.460195660916,262.23166757251806
2025-05-06,17,93.29981777616177,39.94944597124841,2197.4722985624203,200.9164481945707
2025-05-06,19,146.48215909557152,73.47616350091207,3873.808175045603,355.52258978762893
2025-05-06,1,152.2703543785286,66.48799755963495,3524.3998779817475,331.90329828018696
2025-05-06,17,166.4324876615825,110.29884250284827,5714.942125142414,554.5563361863399
2025-05-07,4,176.42458326674588,87.85385927816391,4592.692963908195,463.73030645923603
2025-05-07,17,20.801276294747034,9.336237277598253,666.8118638799126,47.16398536335711
2025-05-07,12,64.25136118236894,33.36384384513975,1868.1921922569875,159.4161882328273
2025-05-07,9,97.09021043428153,45.10978760524993,2455.4893802624965,206.450464503297
2025-05-07,6,84.1239413673511,46.58530551058147,2529.2652755290737,235.89573989610025
2025-05-07,6,166.31766861251918,86.47103319915333,4523.551659957666,459.87893991480684
2025-05-07,7,73.16732481458536,38.97663709046419,2148.8318545232096,210.70425735281762
2025-05-07,10,59.14195999097649,26.767419457329204,1538.3709728664603,123.76094355712819
2025-05-08,13,111.24057252795095,59.733235144262196,3186.66175721311,270.8693571464162
2025-05-08,14,59.507506869171564,35.91485153442176,1995.742576721088,197.14112088962563
2025-05-08,20,135.22510868228835,60.66972926993284,3233.486463496642,279.691926944606
2025-05-08,11,179.91101237484605,120.4789108707309,6223.945543536545,603.5663413114212
2025-05-08,19,39.958606936341525,16.262354964670735,1013.1177482335368,85.4799806014764
2025-05-08,18,47.17446169096826,21.650197687295478,1282.5098843647738,111.24629469660792
2025-05-08,18,33.48193265625394,20.912416378905142,1245.620818945257,103.96235131185092
2025-05-08,2,32.88606149824275,22.89317921944889,1344.6589609724444,106.86806422585752
2025-05-08,18,19.5326428146425,10.943134079841377,747.1567039920689,51.157881721477004
2025-05-09,12,104.13584901847207,30.08441677791408,1704.220838895704,141.01609445289338
2025-05-09,7,48.47407402584871,33.79765944847464,1889.882972423732,174.58689644999873
2025-05-09,20,64.6939718545642,25.55805886477123,1477.9029432385614,121.5199764108105
2025-05-09,14,89.2605881186001,36.798383955395266,2039.9191977697633,189.49485898549963
2025-05-09,18,23.71627249491941,10.562613734997456,728.1306867498728,56.36675166599526
2025-05-09,2,161.11730819162918,62.540653872684786,3327.0326936342394,317.18611328427727
2025-05-09,2,67.60485827404577,31.74557164609955,1787.2785823049774,146.54808958587145
2025-05-09,14,18.62699944358778,12.482532819268089,824.1266409634045,59.88138261712749
2025-05-09,6,57.37695622465556,17.55974807887972,1077.987403943986,82.51345454974121
2025-05-09,8,169.68439344585227,82.52417681779832,4326.208840889916,391.44869723102875
2025-05-09,12,30.449427400048823,20.72398610821298,1236.199305410649,93.28421709533919
2025-05-10,2,101.08244722554151,47.093094680359535,2554.654734017977,255.5584747278401
2025-05-10,18,67.06632328311329,42.90069138810473,2345.0345694052367,231.18120727225335
2025-05-10,8,55.18217591842349,29.914812626800355,1695.7406313400177,142.63211398475758
2025-05-10,8,75.48094591757233,29.735933350850296,1686.7966675425148,157.55446028878134
2025-05-10,8,46.41299473901073,17.810521751470283,1090.5260875735141,91.33603514355906
2025-05-10,18,172.7240234440501,58.052106380507816,3102.6053190253906,290.44508924640513
2025-05-10,6,165.37139967570744,74.51385079951277,3925.6925399756383,363.53097393285674
2025-05-10,20,41.26124885898192,18.02484456664994,1101.242228332497,88.153990829364
2025-05-10,7,30.650116886770757,17.29358063276733,1064.6790316383665,90.91108827676321
2025-05-10,18,42.91850352674655,13.662875564801201,883.1437782400601,62.732085776416994
2025-05-10,19,162.15906645138762,64.78134082827886,3439.0670414139427,299.00512018994056
2025-05-11,4,105.72969199077473,60.81209017784875,3240.6045088924375,324.51102854765776
2025-05-11,1,160.66582184195147,79.50756738014046,4175.378369007023,372.9362910701387
2025-05-11,18,154.0188078507751,91.892665782557,4794.63328912785,422.46520324442696
2025-05-11,8,163.4196062408911,112.95188389731284,5847.594194865642,583.3313959397369
2025-05-11,1,152.86413704971173,110.95155986039468,5747.577993019734,568.2868701165619
2025-05-11,1,154.2072873947213,69.453837409683,3672.69187048415,351.6208466035371
2025-05-11,1,132.7452154334728,54.90113627024642,2945.056813512321,294.69410027310914
2025-05-11,8,174.48747708684726,72.39568382310833,3819.7841911554165,353.9739671726441
2025-05-12,7,133.4486457910682,95.66981778429609,4983.490889214804,458.62144350286565
2025-05-12,14,134.552055011205,65.47910360005059,3473.9551800025297,323.6406088685373
2025-05-12,11,119.14603287991174,47.426135076954495,2571.306753847725,237.3162550550324
2025-05-12,8,74.87285980419207,45.53147176000772,2476.573588000386,245.35280623093573
2025-05-12,14,125.67000869802914,48.44456999742358,2622.228499871179,263.2193625570079
2025-05-12,13,110.23580157684597,49.146315547157535,2657.315777357877,251.53590334833794
2025-05-12,13,105.04869716360689,39.632845460406884,2181.642273020344,186.01038853901093
2025-05-12,17,67.04370455768277,43.190131519090166,2359.506575954508,204.6126452394774
2025-05-12,11,78.75074262757315,32.22145516240157,1811.0727581200783,148.03817226808715
2025-05-12,8,83.38161774977468,56.828901876306475,3041.4450938153236,293.5109348033974
2025-05-12,3,121.46421135129972,75.5215536531788,3976.07768265894,371.3929913913466
2025-05-13,16,158.25350750353152,80.50113405374269,4225.056702687134,383.84956134541164
2025-05-13,7,100.50394581011594,35.721112055891744,1986.0556027945872,193.63596294916178
2025-05-13,16,88.83754088872067,67.61073632378084,3580.536816189042,325.28841882002877
2025-05-13,4,154.99956463906705,100.11591771467425,5205.795885733713,513.5369621858987
2025-05-13,18,111.05389246443244,43.48009063758036,2374.004531879018,217.56217454099365
2025-05-13,20,166.12926881434035,78.46143477055325,4123.071738527662,400.6543812309245
2025-05-13,14,49.5424858983763,18.82194659412714,1141.097329706357,100.27599581343752
2025-05-14,16,23.86001796888563,7.649887359935458,582.4943679967729,39.70422406891877
2025-05-14,19,55.698313729388346,28.492309508200815,1624.6154754100407,144.0927844958242
2025-05-14,13,58.90781276793436,34.94232271813853,1947.1161359069263,179.9087648128157
2025-05-14,20,138.77653743750918,93.70852316429053,4885.426158214526,447.7291212560818
2025-05-14,16,88.20154855176443,55.06671361109438,2953.335680554719,278.01971459549765
2025-05-14,18,159.10458444383727,64.94073268828568,3447.036634414284,313.60358944396853
2025-05-14,6,83.26592810075442,39.63982136733676,2181.9910683668377,186.63528599090617
2025-05-14,12,46.27064213416717,16.048543853378625,1002.4271926689313,86.43620724452704
2025-05-14,7,140.71917199761103,84.3910328581585,4419.551642907925,419.02489929178256
2025-05-14,3,70.49704490807102,31.364423784466386,1768.2211892233192,164.04001965735054
2025-05-15,16,141.53006813993255,62.00685583783188,3300.342791891594,323.76564514946205
2025-05-15,11,56.603752713425685,23.352643300763575,1367.6321650381788,119.51571444135654
2025-05-15,20,106.19614185751412,33.55932394754242,1877.9661973771208,168.78774789159277
2025-05-15,14,132.75259229146755,58.8961292238168,3144.80646119084,276.70616331745686
2025-05-15,5,103.96697603100688,67.79971131514107,3589.9855657570533,309.4108599437778
2025-05-15,12,153.78086815165673,99.50706892372222,5175.353446186111,479.65379920255486
2025-05-16,14,114.10009381588512,43.98552413861598,2399.276206930799,208.06890660329395
2025-05-16,20,72.30259826044013,32.76290189403567,1838.1450947017836,178.51818851703413
2025-05-16,10,95.31392297813207,61.699606252258896,3284.980312612945,299.6508576455608
2025-05-16,17,141.4479612919694,88.29896065791401,4614.948032895701,454.5206479148834
2025-05-16,9,132.8030613976873,85.78404131459948,4489.202065729974,396.0704443554031
2025-05-16,12,35.9340166304104,18.941318503579936,1147.0659251789968,97.02833216895341
2025-05-16,19,175.12236056587608,58.921738487586836,3146.086924379342,294.1609908808063
2025-05-16,11,85.02138429884972,50.61281355336936,2730.640677668468,242.88715449131556
2025-05-16,14,54.30455685347666,24.571048871368443,1428.5524435684222,132.470238192676
2025-05-16,7,51.59361616903516,26.960271450408953,1548.0135725204477,123.47975259226456
2025-05-16,11,20.934349775213114,10.585449119526416,729.2724559763208,53.55831678972546
2025-05-16,13,155.99504692527367,71.84999812699515,3792.499906349757,379.57266330754027
2025-05-16,12,20.025538331631974,8.314865255262138,615.7432627631069,42.65988208158249
2025-05-16,2,49.55391568560595,27.798652436016127,1589.9326218008064,142.53242362502027
2025-05-17,2,173.36432476222294,112.66017835193057,5833.008917596529,589.1868785735581
2025-05-17,19,28.20301451001709,14.612365696861287,930.6182848430643,69.15453833209573
2025-05-17,11,167.8218427584134,46.86245170822408,2543.122585411204,222.6134565612549
2025-05-17,6,97.44773299667919,37.43401544867562,2071.700772433781,191.78987390076765
2025-05-17,6,147.8195275904781,87.9640198247585,4598.200991237924,439.36496902780874
2025-05-17,1,107.25754831638979,46.08676144324546,2504.338072162273,227.7638266006962
2025-05-17,1,67.35268232302438,30.57393925854713,1728.6969629273565,145.49235976943498
2025-05-17,9,132.64735815718723,49.608315384198335,2680.4157692099166,260.6883507563432
2025-05-17,5,160.43270483333626,88.90147100800904,4645.073550400452,435.91629960500677
2025-05-17,5,46.33890642800926,23.78558510965886,1389.279255482943,122.6385090466179
2025-05-17,7,15.967680101381616,6.615868158953595,530.7934079476797,30.28664383947174
2025-05-17,16,151.22456510965748,50.78771380851469,2739.3856904257345,275.55295711509547
2025-05-17,3,160.48197999036648,113.83464388358026,5891.732194179012,522.1162271062861
2025-05-18,18,87.21163993850435,42.35753392318712,2317.876696159356,202.76495574846487
2025-05-18,13,145.43474524305188,64.89341278485708,3444.6706392428537,316.94066581592347
2025-05-18,17,138.58483787181788,49.782079501392964,2689.103975069648,236.56435326036316
2025-05-18,11,110.96215824520964,58.90638033070034,3145.319016535017,286.6401117220024
2025-05-18,11,100.82224988447301,44.77179170977059,2438.5895854885293,238.1229482992607
2025-05-18,4,169.53408598168846,84.86583110208622,4443.291555104311,446.74184695584063
2025-05-18,13,24.420635484130848,13.782873639243434,889.1436819621717,71.15802338089475
2025-05-18,15,97.7803623910601,47.53837691996344,2576.918845998172,233.24069548152607
2025-05-18,3,104.23646555530405,54.88250261816015,2944.1251309080076,291.3070735516274
2025-05-19,11,72.03339436440677,40.82225210006824,2241.1126050034118,217.0840999283475
2025-05-19,1,168.415634234033,90.51156036035063,4725.578018017532,448.6127142193842
2025-05-19,9,82.16766859753174,40.92772569199846,2246.386284599923,208.8124933002296
2025-05-19,6,162.63334918716467,66.26419663860183,3513.2098319300917,357.7336872544906
2025-05-19,10,46.27665890859518,28.38251994301608,1619.125997150804,133.34116470005412
2025-05-19,18,67.90228458078741,23.89001593363119,1394.5007966815595,117.49034601754818
2025-05-19,7,67.89365169272234,23.59178774171243,1379.5893870856214,119.66424311839836
2025-05-19,1,148.3790407121822,76.78047631656344,4039.023815828172,368.9882445316435
2025-05-19,4,69.78011584941706,34.927320270794304,1946.3660135397151,161.72459932568444
2025-05-19,1,121.65024350040323,62.03568678346081,3301.7843391730407,330.68965065478034
2025-05-20,13,115.23283939491392,67.26954766024207,3563.4773830121035,305.63470676569636
2025-05-20,6,123.1469364427091,57.99968033002952,3099.984016501476,278.94183918993446
2025-05-20,5,102.37949231759134,43.93277755049389,2396.6388775246946,227.64756518103167
2025-05-20,3,27.001483193237423,14.29321350300199,914.6606751500995,73.99650680122348
2025-05-20,10,137.2457291091276,71.63424600419854,3781.7123002099274,380.29607858662047
2025-05-20,2,65.24632620997825,17.866448834378453,1093.3224417189226,84.45841410546649
2025-05-20,2,155.45809261473994,84.51657465444953,4425.828732722476,400.9923065505376
2025-05-20,8,70.97416118726305,34.57491058147083,1928.7455290735415,163.1338739468205
2025-05-21,10,156.40978967454535,61.65965645808697,3282.9828229043487,304.46190955539976
2025-05-21,7,92.31929867004912,56.54659512342315,3027.3297561711574,304.72140742764736
2025-05-21,5,20.800903688002734,12.172869654148906,808.6434827074453,54.98835855914959
2025-05-21,1,156.53108405469484,61.65774248199755,3282.8871240998774,278.13889998110784
2025-05-21,10,71.85843829495035,28.511454132757265,1625.5727066378633,155.20991614130224
2025-05-21,18,161.60799260654,66.5778887365349,3528.8944368267453,350.4827571773903
2025-05-21,9,109.08089060696774,67.07735369251621,3553.8676846258104,368.56083003188536
2025-05-21,9,27.222359689723877,17.416971006507563,1070.8485503253783,83.38205112846762
2025-05-21,9,111.9123855550996,51.9133054136677,2795.665270683385,242.72480098231432
2025-05-21,6,109.43200562896263,66.70800709565857,3535.400354782929,318.89463038049075
2025-05-21,19,114.3013475244529,48.223775886666346,2611.188794333317,243.24217061199508
2025-05-21,14,100.8190433928951,49.027354049770715,2651.3677024885355,234.70577648886413
2025-05-21,4,119.95742971619707,45.26552885415315,2463.2764427076577,216.69775131972463
2025-05-21,10,17.47871942679344,7.9178381184985955,595.8919059249298,36.725175314774745
2025-05-22,1,94.51352757314628,43.86890553814997,2393.4452769074983,229.40104652395303
2025-05-22,10,143.4259727961472,106.24086077774675,5512.043038887337,538.0338384467013
2025-05-22,7,151.2715573604244,63.05858625564494,3352.929312782247,303.7477247678153
2025-05-22,16,57.866078668241464,29.023468301001746,1651.1734150500872,136.05987043579336
2025-05-22,17,101.92483239831822,30.319963621815983,1715.998181090799,143.09171459761453
2025-05-22,3,103.34320035939218,69.44519999655878,3672.2599998279393,379.0257956617065
2025-05-22,8,70.06119424997894,34.11399062678695,1905.6995313393475,155.2893553982879
2025-05-22,17,124.97676224458831,75.56157024111255,3978.0785120556275,344.16135504988307
2025-05-22,4,168.8631522610681,113.45022171457508,5872.511085728754,565.2345570137196
2025-05-22,10,168.8013014638077,109.47458711858684,5673.729355929342,518.2639346246626
2025-05-22,2,100.40391173387827,44.58997124311241,2429.49856215562,213.5826074224788
2025-05-23,18,29.686606257841458,17.461345644519575,1073.0672822259787,94.36309652790257
2025-05-23,18,79.39750492941751,31.269480406537053,1763.4740203268527,149.744520241057
2025-05-23,20,165.93363924006397,54.76435654295857,2938.217827147929,251.11694504761854
2025-05-23,9,69.61367135456149,39.394513103680055,2169.725655184003,197.26838263886913
2025-05-23,6,26.83633171832512,12.86795340983878,843.397670491939,69.5951692816331
2025-05-23,19,18.20120552700555,8.463121384987359,623.1560692493679,40.41301439864242
2025-05-23,8,118.80922760510265,48.323357966669164,2616.167898333458,259.6331986991338
2025-05-23,10,102.83943875211696,42.763943006520186,2338.1971503260093,200.12033797503503
2025-05-23,16,40.12789076616312,16.416641813498547,1020.8320906749274,85.90563265094455
2025-05-23,2,156.22765628256414,65.5326914508535,3476.6345725426754,307.42077733518283
2025-05-23,8,131.18896677212382,36.202062781508296,2010.103139075415,165.62888682653048
2025-05-23,4,91.8053504525504,69.73446699748274,3686.723349874137,328.2312014580153
2025-05-23,13,153.92728212960733,80.93374940091485,4246.687470045743,405.5333609906764
2025-05-24,18,152.75840568012458,88.81520684471685,4640.7603422358425,409.5833989618393
2025-05-24,8,15.603291371867131,6.650926352946936,532.5463176473468,31.456994673111055
2025-05-24,19,156.70886126335296,94.03218583458656,4901.609291729328,495.1048963931367
2025-05-24,17,60.223727280764294,34.381236253667694,1919.0618126833847,185.77337179820645
2025-05-24,12,176.34585942779398,62.536522567305305,3326.826128365265,299.6667098562664
2025-05-24,11,139.58496844467015,78.78167005843663,4139.0835029218315,362.3069223221886
2025-05-24,12,157.89382646230308,70.34234189161121,3717.1170945805607,378.2903741924092
2025-05-24,11,21.52698858283117,10.668390031520591,733.4195015760296,55.455044000390835
2025-05-24,6,122.92279623769835,53.48633766094754,2874.316883047377,243.5478302275648
2025-05-24,17,93.40319289373366,45.380743498005856,2469.037174900293,226.81062309619512
2025-05-24,13,148.97467749448228,99.1359528975258,5156.79764487629,450.76765080653206
2025-05-25,1,140.94366047955145,47.59932429615133,2579.9662148075663,256.2031300285854
2025-05-25,16,145.4436461940406,70.10265666717154,3705.132833358577,321.9890140282363
2025-05-25,12,161.44441477485827,85.27347737896919,4463.673868948459,408.6998195733444
2025-05-25,11,98.97539386653223,51.68097894587541,2784.0489472937707,280.7867717994176
2025-05-25,18,64.19480878563168,27.40721193115833,1570.3605965579166,133.25884163555838
2025-05-26,15,92.68470919537319,38.547441447880516,2127.372072394026,175.80266356271645
2025-05-26,12,86.94775072956554,57.328868230239884,3066.4434115119943,302.1943996008127
2025-05-26,19,47.031247123585416,28.27938463076217,1613.9692315381085,150.8692946301894
2025-05-26,2,92.97501575223617,47.48468490268241,2574.2342451341206,251.89831479073197
2025-05-26,16,156.01213925509882,88.0520987174495,4602.604935872475,457.3317294143835
2025-05-27,14,162.88645610702503,74.90397175931209,3945.1985879656045,389.93202894465765
2025-05-27,7,117.54870633778388,35.60343601563137,1980.1718007815684,189.8106689051229
2025-05-27,7,128.85426095020802,55.91385780642232,2995.692890321116,298.35010572290787
2025-05-27,12,126.52228276698476,42.45756887607609,2322.878443803804,198.1394653740732
2025-05-27,2,132.00598659517968,36.597481401543014,2029.8740700771507,197.71943456901784
2025-05-27,19,162.54005617173425,72.93056299821366,3846.528149910683,350.77655371686
2025-05-27,19,145.7893086640168,77.73153374139282,4086.576687069641,352.90653337373476
2025-05-27,14,116.78598473425495,31.38071673265414,1769.035836632707,166.59372848406468
2025-05-27,4,111.65341470362286,57.7740261391415,3088.701306957075,308.28905637605885
2025-05-27,18,179.47327259201091,79.03898116880953,4151.949058440477,376.70147384541144
2025-05-27,11,121.59774577593835,54.70823677965642,2935.411838982821,267.1435373906667
2025-05-27,20,144.52612797436325,73.8784298514231,3893.9214925711553,365.5186995236121
2025-05-27,5,101.99709974186173,65.18847226488138,3459.423613244069,325.31975253187386
2025-05-28,18,161.4932572278252,80.08277307989385,4204.1386539946925,392.7240198849421
2025-05-28,16,17.50374284265958,7.300112961902763,565.0056480951382,37.47729784822173
2025-05-28,15,114.15793717458705,39.31945419861964,2165.972709930982,183.02587362174634
2025-05-28,3,101.0876322555009,27.58379474666001,1579.1897373330005,150.9650503948619
2025-05-28,10,147.92536765436193,60.972753286226045,3248.637664311302,327.69300202186656
2025-05-28,17,16.484778451737203,6.653976853081072,532.6988426540536,33.00415182263629
2025-05-28,2,121.93685099807678,43.9414443481781,2397.072217408905,224.91802446936327
2025-05-28,15,21.266034648985077,14.037157181559126,901.8578590779563,73.77935768872422
2025-05-28,1,35.971931272172164,16.86978895402664,1043.489447701332,90.00996861395531
2025-05-28,18,122.94794636997928,62.050095530770754,3302.5047765385375,299.1771313058954
2025-05-28,14,173.2389890355394,84.28619075771255,4414.309537885627,384.93428257102283
2025-05-28,9,55.382938140092996,33.565806481263195,1878.2903240631597,175.22469963710645
2025-05-28,3,82.32667616446474,32.915145095513395,1845.7572547756697,178.0078592482542
2025-05-29,4,68.93738840417507,25.09484408319018,1454.742204159509,115.76928516685555
2025-05-29,13,35.209433780299044,20.736946985373436,1236.8473492686717,101.81890296258607
2025-05-29,1,26.62601181504812,10.547640358269177,727.3820179134589,57.433193296099056
2025-05-29,7,165.41255258801087,86.62116638577815,4531.058319288908,455.970631877534
2025-05-29,10,166.43017603480152,79.29465052462714,4164.732526231357,415.2069268617241
2025-05-29,3,123.27349176164509,62.20495114494818,3310.247557247409,282.8087694098223
2025-05-29,3,118.30618682786272,74.74899264630469,3937.4496323152343,342.1369311596339
2025-05-29,20,123.17885299886238,46.41649049416553,2520.8245247082764,246.95749952241582
2025-05-30,15,150.75544010033477,75.13288667969579,3956.6443339847892,361.72233209879084
2025-05-30,5,136.6154804112889,55.836567107193204,2991.8283553596602,279.1586283391629
2025-05-30,19,132.33509980752217,53.081509584481424,2854.0754792240714,263.19157084998767
2025-05-30,13,149.94535946344735,75.57174270976434,3978.587135488217,367.0058933112364
2025-05-30,13,178.62821316480137,93.21065955562297,4860.5329777811485,466.18765849222916
2025-05-30,17,176.93885324580634,61.96914617770392,3298.4573088851957,308.94703203927435
2025-05-30,3,112.77375015619643,51.91324088843249,2795.6620444216246,265.0207937323256
2025-05-30,3,33.653739692694174,21.74563209967279,1287.2816049836395,115.46431373688087
2025-05-30,3,104.39045279026753,43.548141948635525,2377.407097431776,236.57284149838722
2025-05-30,18,136.16114818221274,85.38767526441802,4469.3837632209015,391.309370079964
2025-05-30,17,169.10792405458184,60.11962069655997,3205.9810348279984,294.9851268922108
2025-05-30,20,146.1193772456517,61.5908046255807,3279.540231279035,293.6162932820178
2025-05-30,8,155.95258015640002,77.92832377087731,4096.416188543866,359.04807529917224
2025-05-31,17,169.72126153759567,127.48661299819238,6574.330649909619,604.8877211042479
2025-05-31,11,104.2249878114138,61.67521314193689,3283.760657096844,330.4847949437263
2025-05-31,10,33.15292398604469,20.86121339622624,1243.060669811312,94.06968424539247
2025-05-31,7,22.601412996452154,10.880145222497905,744.0072611248953,54.11169433214748
2025-05-31,3,129.82045977080003,55.509084758928786,2975.454237946439,303.52990560200277
2025-05-31,14,164.42105269956681,62.154603877753075,3307.730193887654,297.3794456061637
2025-05-31,6,24.240380974935025,12.128665814615456,806.4332907307728,56.630255105723535
2025-06-01,4,155.81029603359536,90.09007117952744,4704.503558976372,486.84251629378264
2025-06-01,10,80.16595569354125,39.97277659936009,2198.6388299680043,219.17153347293007
2025-06-01,13,144.63540972984018,72.02306548264433,3801.153274132216,353.54632092366893
2025-06-01,5,46.59578645983971,21.400522883456027,1270.0261441728014,103.89943407504352
2025-06-01,5,35.81526088748977,11.519138157072843,775.9569078536422,52.178657808955144
2025-06-01,10,159.3764354577551,57.92745463064989,3096.3727315324945,304.60484528677523
2025-06-01,15,123.74072238133522,36.47463672006137,2023.7318360030686,196.27016918278275
2025-06-01,5,49.29093384070791,25.15599218430365,1457.7996092151825,120.33386949201606
2025-06-01,15,106.54625642304552,56.425768636359116,3021.288431817956,284.80378607870205
2025-06-01,1,96.30892206771769,44.3908686297382,2419.54343148691,206.79575971768801
2025-06-01,11,75.07997437884839,34.94035188108224,1947.0175940541121,172.26699088088165
2025-06-02,4,76.63414889185876,35.355375592035145,1967.7687796017572,168.17422888913904
2025-06-02,11,64.09916821273455,31.061870974006506,1753.0935487003253,169.81107235545448
2025-06-02,15,142.1641751754386,48.04863880480692,2602.431940240346,248.3396251562779
2025-06-02,16,123.05967531939675,69.80777284094809,3690.3886420474046,331.3076717745354
2025-06-02,17,115.26982407710533,47.59689024146351,2579.844512073176,252.9016447212337
2025-06-02,10,124.16252588327879,42.938006771092454,2346.9003385546225,217.9601636752115
2025-06-02,9,46.08352654025405,13.503956714697638,875.1978357348819,74.17414164561501
2025-06-02,16,23.21386525130222,10.421163093088559,721.058154654428,52.45614298930524
2025-06-02,16,98.99850171346773,56.751551849362635,3037.5775924681316,279.4916618498094
2025-06-02,11,59.182761909679385,28.367249053986047,1618.3624526993024,147.69812514952596
2025-06-03,19,106.85253869248933,47.21122363183297,2560.5611815916486,220.10678480865914
2025-06-03,4,127.00005667294042,54.103472748597405,2905.1736374298703,281.66215989611385
2025-06-03,1,123.03716774434457,50.04513001158362,2702.256500579181,261.8200857002692
2025-06-03,9,110.5564176657831,50.84717479773652,2742.3587398868262,263.0927882233064
2025-06-03,12,64.17949934614357,27.977777273446446,1598.8888636723223,133.25887598008273
2025-06-03,3,74.85657696768352,33.50522707873137,1875.2613539365686,173.68696736083058
2025-06-03,8,143.36084703260298,90.79953154461396,4739.976577230698,464.796914786172
2025-06-03,1,162.65341811641076,52.16735031751162,2808.367515875581,272.40749187912115
2025-06-03,16,148.69275653535234,69.40301505024586,3670.150752512293,316.58934765657494
2025-06-03,19,36.21563045442541,13.226318789605065,861.3159394802533,63.50473852460021
2025-06-03,17,128.95152654379498,65.00678699067757,3450.3393495338782,316.1677534829191
2025-06-03,4,99.67305269454312,46.36855456005413,2518.4277280027063,211.9590201915563
2025-06-04,7,84.99053419808607,36.954444609793,2047.72223048965,196.78740180230685
2025-06-04,20,104.66196561271357,39.726031609966164,2186.301580498308,182.18002104221745
2025-06-04,10,116.68191669418405,49.14921748541533,2657.4608742707665,253.27263803664408
2025-06-04,20,92.41428685530734,35.40127412940567,1970.0637064702835,170.2670941674203
2025-06-04,15,161.4990337554695,81.26726639936193,4263.363319968097,380.60755012166425
2025-06-04,12,154.08674886795268,89.36491729335688,4668.245864667844,402.62860444179046
2025-06-04,4,36.02233182974579,16.338311977161748,1016.9155988580874,75.71504500663984
2025-06-04,1,71.04400237943806,41.37553474189076,2268.776737094538,196.78291927917468
2025-06-04,5,34.18515724832531,17.06732560954316,1053.366280477158,81.37485090308442
2025-06-04,11,158.77004273614662,110.34876270345906,5717.438135172953,541.2282246566114
2025-06-04,19,179.38897270046226,115.25524855288194,5962.7624276440965,523.2731915692415
2025-06-04,12,76.61835753899686,40.09246552174839,2204.623276087419,206.50780316337867
2025-06-04,6,130.19868701795934,52.37377111454686,2818.688555727343,251.83766595115102
2025-06-05,16,80.71128875246312,42.97679466442058,2348.839733221029,193.94419310415606
2025-06-05,13,88.71202167637982,33.96596666452208,1898.298333226104,167.77371624601992
2025-06-05,13,81.60170459142384,44.21574647793839,2410.7873238969196,241.48065503222043
2025-06-05,3,160.82073255057526,118.51181646143118,6125.5908230715595,615.4771226197864
2025-06-05,18,50.09994941149506,26.818632179393784,1540.9316089696893,143.9377443211736
2025-06-05,8,81.80188178699382,48.820947914545876,2641.047395727294,233.18051259640922
2025-06-05,6,106.87502944592075,66.98214466315683,3549.1072331578416,323.31893403994206
2025-06-05,1,168.52401908993014,123.64016811530863,6382.008405765431,559.1711399401551
2025-06-05,18,150.3951124900852,57.710281965852694,3085.5140982926346,305.1128641289286
2025-06-06,3,68.56045168599587,41.81710181699708,2290.855090849854,228.28425454482934
2025-06-06,18,73.54954436605861,40.8876084679713,2244.3804233985647,206.38495082015842
2025-06-06,13,85.53844111270541,34.59432287198637,1929.7161435993185,184.5930751657219
2025-06-06,11,90.26619228477071,36.58043215111137,2029.0216075555684,171.77241903273728
2025-06-06,8,81.76786737201078,33.30431353075976,1865.2156765379877,151.9081896645378
2025-06-07,14,83.95473482624256,57.95805331944148,3097.902665972074,287.41223132912717
2025-06-07,6,170.39972250827572,76.70956967140138,4035.4784835700693,389.12331588387923
2025-06-07,4,156.17216752246796,71.88237218974615,3794.1186094873074,372.03757292038625
2025-06-07,13,53.45236366403395,31.644134168481834,1782.2067084240916,143.3027057119435
2025-06-07,5,33.70887076617447,19.33570393717013,1166.7851968585064,104.29871163777545
2025-06-07,8,24.100837449294602,11.921612783593504,796.0806391796752,58.0245116296038
2025-06-07,20,117.68224514601104,61.541638543143456,3277.0819271571727,302.29847152045005
2025-06-08,4,110.8314769258235,73.89144405761192,3894.572202880596,384.6416646485135
2025-06-08,16,76.23250503142393,46.78621707985319,2539.3108539926593,243.55310763839043
2025-06-08,12,126.39643116432924,65.23060748181028,3461.530374090514,327.5791282145162
2025-06-08,1,88.31811235608667,46.8791394501794,2543.95697250897,250.81145670170503
2025-06-08,17,34.39694610495454,20.166750775871474,1208.3375387935737,90.98794032066495
2025-06-08,5,65.25493543761378,28.512622161691446,1625.6311080845724,137.21823879287226
2025-06-08,15,67.82989262569237,33.04993130309945,1852.4965651549724,169.37413587009402
2025-06-08,6,147.94823720938982,72.57515943340654,3828.757971670327,391.0501412580638
2025-06-08,6,93.02508816473994,34.00568748788624,1900.2843743943122,154.74617448948422
2025-06-08,5,175.25128546110656,96.13730142287375,5006.865071143688,487.0184052698068
2025-06-08,9,135.37029321456515,65.19696386975119,3459.8481934875595,317.6967537122137
2025-06-08,9,87.6717041582476,61.1306782433648,3256.53391216824,304.9568026071118
2025-06-08,17,102.00774713397685,72.81007186408293,3840.5035932041465,391.9207223784758
2025-06-08,7,68.89261444842144,30.66249970196199,1733.1249850980996,138.7135976680338
2025-06-09,13,69.89387964929055,30.328619140269556,1716.4309570134778,141.47444794389
2025-06-09,17,99.90423418418709,37.082653696660515,2054.1326848330255,188.81774932979667
2025-06-09,18,39.32974652891963,15.827901026691297,991.3950513345649,83.13461349495921
2025-06-09,17,46.32568894470991,18.660588241266623,1133.0294120633312,86.89166540768008
2025-06-09,7,134.82126483724736,76.11792658349184,4005.8963291745918,366.6294575445209
2025-06-09,6,60.77541124216155,35.84727693279967,1992.3638466399836,192.53456294936694
2025-06-09,15,141.20500696459735,51.356306419248355,2767.815320962418,281.1400831179138
2025-06-09,18,100.4089216856646,58.07761393732102,3103.880696866051,317.3761839163533
2025-06-09,13,59.038382536297355,32.99653391121128,1849.826695560564,167.61026466354582
2025-06-09,15,94.59989426313027,38.1848257593683,2109.2412879684152,200.36435879297088
2025-06-09,17,117.43510257847215,69.16118535509084,3658.059267754542,362.29058363205576
2025-06-09,19,160.60758216561734,72.07015295032839,3803.5076475164196,357.6067083951968
2025-06-10,13,128.77314446939351,52.54955486675875,2827.477743337937,288.8482594990238
2025-06-10,5,20.53506878300604,11.51334536341791,775.6672681708955,60.97222160704108
2025-06-10,19,106.4399071490518,63.45159834914796,3372.5799174573976,338.881349253806
2025-06-10,13,75.51409261028012,30.48200782986786,1724.100391493393,139.3752130184462
2025-06-10,5,38.855652189531476,18.813814975110958,1140.690748755548,96.69877965600955
2025-06-10,19,106.41963327093477,54.94082039132283,2947.0410195661416,288.3425456211554
2025-06-10,2,38.05389355152742,13.484456615792563,874.2228307896281,73.27020747389678
2025-06-10,11,148.07183110736545,68.9278606846678,3646.39303423339,336.7238090290514
2025-06-10,2,29.449802892729306,18.698840437564503,1134.9420218782252,88.04633080018233
2025-06-10,8,27.98526515673906,12.94940393998782,847.470196999391,67.80247766612851
2025-06-11,19,91.45951645276662,42.34942679181467,2317.471339590734,221.9803570687541
2025-06-11,2,167.03419025459405,61.47670524284597,3273.8352621422987,326.77048947196675
2025-06-11,6,55.78900216691468,29.41855259640112,1670.927629820056,158.32233363715517
2025-06-11,6,107.31341781029712,30.207933086929373,1710.3966543464687,153.37086076791402
2025-06-11,11,132.69808536770992,77.0620122475537,4053.1006123776847,368.5522226099813
2025-06-11,19,31.98611387554722,18.356796555808163,1117.8398277904082,95.61625101985466
2025-06-11,1,64.26040778705705,36.75330868975437,2037.6654344877186,192.93709727818992
2025-06-11,5,147.54525463047554,93.99246158490074,4899.623079245037,465.7798027218031
2025-06-11,8,62.56880775145229,31.258082068104734,1762.9041034052368,149.83975470595533
2025-06-11,19,155.65101889890462,83.41128989405314,4370.564494702657,408.0453393363893
2025-06-11,1,85.76642617278475,51.52779090211359,2776.389545105679,231.91199720505014
2025-06-11,6,156.2107796754441,76.5528095683252,4027.64047841626,365.1078849277403
2025-06-12,5,177.74773728578674,65.93444240689058,3496.7221203445292,303.7593999789664
2025-06-12,18,57.39712941889753,17.36893574130842,1068.446787065421,79.14182823771242
2025-06-12,18,86.19883977486099,35.564584563348774,1978.2292281674386,169.0560305590655
2025-06-12,1,122.79277424872483,46.10745998953598,2505.372999476799,251.43491503410579
2025-06-12,2,82.955626718842,46.846710745308336,2542.335537265417,250.9451783446928
2025-06-12,3,45.39628338389928,20.806740245707584,1240.3370122853792,102.0615369198046
2025-06-12,20,83.22185150717642,38.50081504855011,2125.040752427505,179.34781758773428
2025-06-12,1,49.23245727971474,35.51202492445594,1975.6012462227973,176.53324930299055
2025-06-12,9,108.77265992785772,43.158221045471876,2357.9110522735937,214.2671655012827
2025-06-12,15,154.00540270953823,72.30706818441642,3815.353409220821,327.7913096838694
2025-06-12,13,17.250574562920377,8.087239375187703,604.3619687593851,42.78359820013399
2025-06-12,8,99.52955955105197,38.732864129902566,2136.643206495128,190.09635030627132
2025-06-12,8,37.501232329860635,12.298367892681066,814.9183946340532,57.77934027086096
2025-06-13,12,81.37533662618654,32.55849281506094,1827.9246407530468,160.51517153426286
2025-06-13,4,74.04379117585297,28.266992350809602,1613.34961754048,128.1058527388111
2025-06-13,9,69.24775743627747,42.704682717126325,2335.2341358563162,192.8307497272053
2025-06-13,16,78.86325196925635,35.41683509346535,1970.8417546732676,161.2899538256324
2025-06-13,11,30.48060894524812,15.762781802083135,988.1390901041567,78.72181659000151
2025-06-13,3,49.65781065319148,21.38290204952832,1269.145102476416,104.77954022716055
2025-06-13,16,151.21258585221366,53.355311606114846,2867.7655803057423,277.8629369428627
2025-06-13,3,155.04665157141685,87.83620115682258,4591.8100578411295,417.8979119972842
2025-06-14,20,82.31382936394486,40.43798654503986,2221.899327251993,212.6631998840217
2025-06-14,12,22.369100702518292,8.95332733108796,647.666366554398,47.55190259919747
2025-06-14,15,147.93643754204618,89.96402585600286,4698.201292800143,443.7217547352174
2025-06-14,7,15.38733318812977,6.845905562296764,542.2952781148382,31.636743038294075
2025-06-14,11,121.19007675207033,43.621118128862975,2381.0559064431486,238.69261421640962
2025-06-15,20,67.14077927295497,30.98019735829046,1749.009867914523,142.688604127845
2025-06-15,15,30.681639707517206,12.220432941338942,811.021647066947,58.95302039177817
2025-06-15,15,58.31391970397978,21.89236240520736,1294.618120260368,111.32837401168365
2025-06-15,6,161.65901443685775,57.91970182844513,3095.9850914222566,298.1603329612505
2025-06-15,9,42.046843237745904,16.579993919554376,1028.9996959777188,84.97153655141993
2025-06-16,14,145.3106926662147,75.60277279413862,3980.138639706931,353.1706652376109
2025-06-16,15,129.39408231099617,87.02939037127773,4551.469518563887,471.15666785088797
2025-06-16,7,39.80125270985484,15.867335451336016,993.3667725668008,76.40016069587486
2025-06-16,20,177.01437817734558,95.34480261464573,4967.240130732286,431.5456737514586
2025-06-16,19,162.6915047959303,113.41438882205983,5870.719441102991,528.696789950456
2025-06-16,11,165.95153797692532,72.12151496194137,3806.0757480970688,325.8718088863817
2025-06-16,13,132.01481612607677,46.71492788400075,2535.7463942000377,242.37073326259525
2025-06-16,8,66.10532158896945,30.361497531920588,1718.0748765960293,162.0991577746651
2025-06-16,8,153.37259637267937,75.4091147595945,3970.455737979725,360.00400221074983
2025-06-16,2,107.37613770568873,73.76934484283954,3888.4672421419773,351.1089172090084
2025-06-16,18,32.239252264403085,19.871616362144707,1193.5808181072352,91.32506433055401
2025-06-16,20,139.8288662767256,63.141611902102866,3357.0805951051434,286.64468321615357
2025-06-16,14,88.94818975851754,43.11596514069383,2355.7982570346917,223.21452972578408
2025-06-16,8,93.08017583592579,49.31591972462209,2665.7959862311045,266.0145769535968
2025-06-17,10,56.22587635292438,25.94117203690128,1497.058601845064,128.52352172478106
2025-06-17,19,82.00355187236221,44.480270867521014,2424.0135433760506,223.48828962037024
2025-06-17,6,24.814226912884276,12.675342668191014,833.7671334095508,67.10194147923809
2025-06-17,14,143.2387008128906,68.15172899068703,3607.5864495343517,343.04026097042214
2025-06-17,7,176.65616523768685,60.970490280247994,3248.5245140124,317.3552603777198
2025-06-17,1,31.624219253330086,14.624209106868134,931.2104553434067,78.53487934676977
2025-06-17,19,43.98592916481645,30.962160585495074,1748.1080292747538,164.14191680439774
2025-06-17,1,74.1298183835417,30.906452548385058,1745.322627419253,149.20928168779133
2025-06-18,7,119.24284920270463,58.9347067339031,3146.7353366951547,275.21084760998934
2025-06-18,5,40.26724209972664,12.134523990980712,806.7261995490356,64.55902719352227
2025-06-18,20,109.1596555318302,50.45691060800162,2722.845530400081,264.0270576079062
2025-06-18,9,56.24323190451677,31.203330438200002,1760.16652191,151.95203806005722
2025-06-18,17,143.3172620853573,96.12366797248096,5006.183398624048,475.61449161787414
2025-06-18,19,171.85005131067902,81.32813739780188,4266.406869890094,437.8906312887457
2025-06-18,13,88.14785292749528,55.47029984028402,2973.514992014201,279.1434319502275
2025-06-18,3,28.70139503868076,11.124912280685667,756.2456140342833,56.56747346137174
2025-06-18,11,148.21202749806082,83.13264060569178,4356.632030284589,453.43841737754747
2025-06-18,7,173.77962360351958,72.70487187654905,3835.2435938274525,372.7330595099393
2025-06-18,18,97.43703797979573,50.425252480350125,2721.2626240175064,260.36386330508105
2025-06-19,4,61.27643199376765,31.71219128060447,1785.6095640302235,148.1501607778442
2025-06-19,16,62.847919786283406,28.9093828141995,1645.469140709975,149.02616577658912
2025-06-19,13,58.28031367843253,29.040805686948516,1652.0402843474258,145.7901571495392
2025-06-19,12,115.41431287370575,71.99007125624848,3799.503562812424,373.01371870655606
2025-06-19,5,66.24520756587991,38.40314380907542,2120.157190453771,188.334717486586
2025-06-19,16,34.84470891622013,20.932783383408214,1246.6391691704107,102.0251033158751
2025-06-20,17,131.93233835446435,45.195837004971324,2459.7918502485663,238.6908284645412
2025-06-20,15,56.62171758610312,32.707227732808356,1835.3613866404178,150.5561693955877
2025-06-20,16,32.42373534431326,18.4409101690402,1122.04550845201,99.02638867423633
2025-06-20,6,81.37862188259258,57.32857851386186,3066.4289256930933,265.23960446314044
2025-06-20,17,94.35536533391009,40.91858952353583,2245.9294761767915,186.27241300880635
2025-06-20,19,32.84794894587529,22.791443272951945,1339.5721636475973,117.39567925398921
2025-06-20,8,54.65153119895128,35.182878594326446,1959.1439297163224,192.88628128627357
2025-06-21,1,135.5349179143439,39.38175785079047,2169.0878925395236,177.48524055420316
2025-06-21,11,26.383351437225812,16.069263386098154,1003.4631693049076,74.71031224814327
2025-06-21,7,48.77780135319171,20.230023712857527,1211.5011856428764,91.43415902656274
2025-06-21,6,80.17339464059036,31.5000314433198,1775.00157216599,153.65075332727193
2025-06-21,16,140.02626584287847,79.44299027609968,4172.149513804984,402.538610897232
2025-06-22,6,15.468955354555455,8.406803763306959,620.340188165348,41.245873363780014
2025-06-22,14,86.81306847155494,55.60674705995708,2980.337352997854,298.88289598994385
2025-06-22,20,176.86273996178272,131.66544417581926,6783.272208790963,688.82150924664
2025-06-22,16,98.58074998491028,47.52119204934452,2576.059602467226,227.86928904233093
2025-06-22,10,168.24034593076036,87.55043666134921,4577.521833067461,415.79486390899336
2025-06-22,15,72.73275150182077,35.49746485914334,1974.8732429571671,164.20425587978715
2025-06-22,6,15.743239361747628,6.965506746781354,548.2753373390676,33.60335200998174
2025-06-22,5,31.789497202667597,8.917507662042741,645.875383102137,43.05434840427713
2025-06-22,2,82.93836515239012,39.348099909581926,2167.404995479096,185.57098312996743
2025-06-23,5,21.69833757489161,11.22927308624912,761.463654312456,59.54890289405006
2025-06-23,18,48.69937239402763,24.263567508734923,1413.1783754367461,111.6943730459704
2025-06-23,17,176.86986570398756,106.30948565111552,5515.474282555776,487.49272986257387
2025-06-23,12,18.627776136488396,9.088118519323583,654.4059259661792,46.868507227625294
2025-06-23,20,94.22082778734452,47.050283001973504,2552.514150098675,250.09520366407318
2025-06-24,11,26.49156817846383,14.14706288576427,907.3531442882136,74.16174733585358
2025-06-24,19,20.55220436083939,8.157648154891941,607.882407744597,38.172052299761944
2025-06-24,9,19.14805474979184,12.362145052708925,818.1072526354462,65.4804054834338
2025-06-24,12,164.0446860191453,105.98327357260114,5499.163678630057,524.3162651592409
2025-06-24,20,129.37957446611318,40.44615973861155,2222.3079869305775,213.20477788438868
2025-06-24,12,151.98177290647928,106.95828064167553,5547.914032083777,503.53505218025197
2025-06-24,13,145.06540934818688,65.96257980005086,3498.128990002543,311.0039732219464
2025-06-24,12,111.72434742143398,78.66420597395972,4133.210298697986,413.64020015365975
2025-06-24,19,98.9089170971218,44.22188042885996,2411.094021442998,200.28844374758245
2025-06-24,18,171.05446662975768,104.81749355221797,5440.874677610898,479.9238807751398
2025-06-24,12,24.771845390440234,7.976226354138942,598.8113177069471,38.613664070836684
2025-06-24,9,87.80289540013327,35.2260027499115,1961.300137495575,162.95339774246665
2025-06-25,12,107.17268558292126,57.42351719927552,3071.175859963776,268.5767644637331
2025-06-25,5,147.5074809857279,78.44909630763574,4122.454815381787,389.30025276442734
2025-06-25,8,43.04831914791015,19.988814554174976,1199.440727708749,101.45892929729239
2025-06-25,16,106.49070386299317,41.33906315912125,2266.9531579560626,226.04499455643744
2025-06-25,16,148.8418296400568,50.58376046647548,2729.188023323774,260.3354506366343
2025-06-26,14,173.77999222375564,105.80797380081187,5490.3986900405935,556.8219864271581
2025-06-26,6,72.42444892613868,45.139873279548816,2456.993663977441,226.95458726502804
2025-06-26,16,53.51038446059095,26.101006444148677,1505.0503222074337,137.38553104789767
2025-06-26,6,174.69728794193014,106.2649244301329,5513.246221506644,484.87170609171864
2025-06-26,20,128.7252632937338,70.03663286181413,3701.831643090706,347.9993491193353
2025-06-27,2,43.17544676931363,18.189644211089878,1109.482210554494,89.55560015620078
2025-06-27,18,68.45658032716644,29.93925054853316,1696.962527426658,159.56628595912673
2025-06-27,12,131.01049412030642,55.730915532302845,2986.545776615142,304.08158249004146
2025-06-27,13,29.789242595261957,21.132975248057104,1256.6487624028553,111.75454991044279
2025-06-27,4,112.30529095261686,62.05828802817497,3302.9144014087487,338.6418795788058
2025-06-27,10,155.2479528728867,90.05478110815368,4702.739055407684,480.2170032768051
2025-06-28,6,15.613744034979767,6.486650735675533,524.3325367837767,31.654595814392867
2025-06-28,1,71.77245640610869,52.98597221870995,2849.298610935498,278.7737951651635
2025-06-28,20,161.47452565239794,61.4717853154417,3273.589265772085,322.4743631060415
2025-06-28,5,93.07348751910781,58.83471759264014,3141.735879632007,289.41313880064587
2025-06-28,4,59.27606556031848,26.86095222486836,1543.047611243418,144.28379863710774
2025-06-28,13,47.848581616613025,20.907205297119408,1245.3602648559704,112.1135112511411
2025-06-29,14,46.65295890916674,22.631384150742402,1331.56920753712,116.98744303611981
2025-06-29,15,59.55964690675669,25.435729766140106,1471.7864883070054,125.04756787303357
2025-06-29,12,128.70299844532596,76.77611601870181,4038.8058009350907,354.5118653257011
2025-06-29,16,60.94677300103209,40.62726072080293,2231.3630360401467,212.50836657407166
2025-06-29,13,170.9224896167141,68.75843924669816,3637.921962334908,335.6773283595567
2025-06-29,1,48.623045641525515,30.345541647775313,1717.2770823887656,159.58383062295817
2025-06-29,14,179.2746932975785,72.96385849108033,3848.1929245540164,366.2917568625044
2025-06-29,16,174.06893147169575,51.42816091633612,2771.408045816806,234.2938234446657
2025-06-29,20,43.23190893821131,29.207400229283166,1660.3700114641583,133.92178547958537
2025-06-29,1,144.02218180040506,53.08162251650759,2854.08112582538,264.8775219948412
